company_code,company_website,crawled
01035286,https://vripack.com,False
01045701,https://www.rva.nl,False
01047742,https://royalvivbuisman.nl,False
01053692,https://werkenbijkadans.com,False
01054500,https://archyrental.com,False
01057569,https://www.royalkoopmans.com,False
01068545,https://mpcindustries.com,False
01070163,https://careers.frieslandcampina.com,False
01077394,https://www.infor.com,False
01079590,https://www.ue-amsterdam.com,False
01080176,https://www.hawarit.com,False
01081652,https://titomic.com,False
01083462,https://www.unisgroup.nl,False
01084429,https://yp-yourpartner.nl,False
01093224,https://rinagro-smart-farming.nl,False
01093603,https://www.aiden.eu,False
01094160,https://www.wetsus.nl,False
01102285,https://www.nhlstenden.com,False
01106766,https://www.werkenbijzebra.nl,False
01106843,https://www.medipower.nl,False
01108003,https://desah.nl,False
01111167,https://magister.nl,False
01130545,https://www.omnimap.io,False
01131948,https://imds.nl,False
01133204,https://noblesseproteins.nl,False
01135421,https://www.xvivogroup.com,False
01135925,https://www.fysiotherapie-derietlanden.nl,False
01140404,https://www.seetickets.com,False
01145043,https://www.tandartspraktijkvanderlee.nl,False
01148001,https://ytec.nl,False
01152556,https://www.exosens.com,False
01162843,https://www.est-floattech.com,False
01166716,https://www.flamingos-plaza.nl,False
01169570,https://werkenbijumcg.nl,False
02011217,https://www.nnpc.nl,False
02029700,https://www.gasunie.nl,False
02034284,https://www.axians.com,False
02037615,https://mhcmobility.nl,False
02037627,https://www.dekc-maritime.com,False
02041794,https://www.delaval.com,False
02042874,https://noormanadvies.nl,False
02044307,https://www.functioncontrol.com,False
02046436,https://www.seatrade.com,False
02047470,https://www.kaw.nl,False
02048134,https://www.globaltextware.nl,False
02053188,https://www.kongsberg.com,False
02056113,https://www.patheon.com,False
02056186,https://tfe.nl,False
02058479,https://www.actiefwerkt.com,False
02059256,https://www.multiflexx.nl,False
02061424,https://www.kisuma.com,False
02065148,https://www.polyvation.com,False
02065160,https://indg.com,False
02070702,https://careers.eraneos.com,False
02076358,https://247hair.com,False
02082924,https://www.innocorepharma.com,False
02085153,https://www.opure.nl,False
02090504,https://www.xlence.nl,False
02093714,https://mobielwerkt.nl,False
02300483,https://www.wijnnebarends.com,False
02309166,https://werkenbij.tbi.nl,False
02320474,https://www.esd-sic.nl,False
02327624,https://companies.offshore-energy.biz,False
02329540,https://ofichem.com,False
02333360,https://www.kikkoman.nl,False
02333810,https://www.bouwgenius.nl,False
04008869,https://www.nam.nl,False
04023846,https://www.debondtbv.nl,False
04026125,https://extranet.aareon.nl,False
04029997,https://www.uniform-agri.com,False
04032259,https://www.smartmatic.com,False
04033678,https://rumarubber.com,False
04037246,https://www.westo.nl,False
04038098,https://nl.vwr.com,False
04061243,https://wellengineeringpartners.com,False
04068371,https://werkenbijintergas.nl,False
04069206,https://www.kalmar.nl,False
04070505,https://www.litecad.nl,False
04071913,https://www.tjoapack.com,False
04078209,https://www.kerrylogistics.com,False
04079099,https://www.grootshipdesign.com,False
04079637,https://www.4dotnet.nl,False
04084042,https://wsgenergyservices.com,False
04086094,https://www.careers-edc.com,False
05014381,https://tosec.nl,False
05020370,https://www.scania.com,False
05020784,https://rollepaal.com,False
05022293,https://www.zehnder.nl,False
05025428,https://www.intrum.com,False
05026900,https://www.werkenbij.rollecate.nl,False
05029362,https://www.eleq.com,False
05029396,https://career.tembo.eu,False
05043147,https://career.tembo.eu,False
05047750,https://www.wartsila.com,False
05050630,https://forminternational.nl,False
05058450,https://www.hmsolutions.nl,False
05062593,https://www.salland.com,False
05076134,https://jansenwijhe.nl,False
05082463,https://tbmnet.nl,False
06001690,https://www.toraytac.com,False
06005765,https://www.kolb.ch,False
06023232,https://tencategrass.com,False
06036546,https://eu.tencatefabrics.com,False
06040292,https://enschede.opendi.nl,False
06054458,https://www.jonglaan.nl,False
06054827,https://werkenbijzeton.nl,False
06056750,https://www.hpvalves.com,False
06057207,https://www.gridtogreat.com,False
06060381,https://www.koninklijkegrolsch.nl,False
06060890,https://www.werkenbijpowerpacker.nl,False
06061483,https://group2000.com,False
06061578,https://thalescareers.com,False
06064173,https://www.roessingh.nl,False
06066047,https://www.tio.nl,False
06069052,https://www.scaldex.nl,False
06069492,https://www.malvernpanalytical.com,False
06070616,https://www.urenco.com,False
06075288,https://prepain.com,False
06076385,https://robor.nl,False
06076725,https://werkenbijdemcon.nl,False
06078400,https://www.eurodev.com,False
06078910,https://hitec-ups.com,False
06079188,https://www.kovax.eu,False
06079419,https://www.nvent.com,False
06082091,https://www.xces.nl,False
06083480,https://www.omori.eu,False
06084094,https://www.machinefabriek-heerbaart.com,False
06089356,https://werkenbijmediant.nl,False
06091001,https://mecal.nl,False
06091119,https://ims-nl.com,False
06092246,https://www.nederlandinbedrijf.nl,False
08003231,https://www.coldenhove.com,False
08005560,https://www.werkenbijroyalreesink.com,False
08006261,https://www.royaltalens.com,False
08007802,https://www.vecoprecision.com,False
08010878,https://elchais.com,False
08013836,https://nedap.com,False
08015179,https://www.hartbv.nl,False
08017472,https://www.ecisolutions.com,False
08017845,http://www.kwik-fit.nl,False
08017970,https://pon.com,False
08021376,https://www.kgs.swiss,False
08023514,https://www.imres.nl,False
08030665,https://www.rotor.nl,False
08031176,https://www.vdlweweler.nl,False
08032950,https://www.sorba.com,False
08033633,https://www.ekro.com,False
08034922,https://hitec-ups.com,False
08035771,https://www.werkenbijdfds.nl,False
08036742,https://werkenbij.royalvaassen.com,False
08038270,https://folbb.com,False
08038650,https://www.yelu.nl,False
08040305,https://www.coopervisionsec.nl,False
08042063,https://www.vhpsp.com,False
08043003,https://www.ventilex.com,False
08044397,https://jobs.vydraulics.com,False
08044740,https://www.legamaster.com,False
08046917,https://www.dssmith.com,False
08050305,https://www.siemens-healthineers.com,False
08052676,https://www.goliathgames.nl,False
08058321,https://www.dutch-diagnostics.com,False
08058573,https://landgoeddesalentein.nl,False
08059442,https://instamat.nl,False
08060750,https://www.iqi-petfood.com,False
08060939,https://www.machinefabriekelburg.nl,False
08061475,https://www.mechdes.nl,False
08064318,https://we-engineering.nl,False
08069204,https://www.tandartswaanders.nl,False
08069968,https://esperantedevelopment.com,False
08075305,https://divitel.com,False
08081494,https://dutchgymnastics.nl,False
08081961,https://schuiteman.com,False
08084350,https://minivalve.com,False
08084537,https://micronit.com,False
08084559,https://www.iact.nl,False
08086235,https://www.mcx.nl,False
08086292,https://www.sfc-power.com,False
08087968,https://www.wtsenergy.com,False
08088230,https://www.movella.com,False
08088993,https://host-group.com,False
08089312,https://www.iaa-architecten.com,False
08090048,https://www.kiwaregister.com,False
08090157,https://www.unitron.nl,False
08090682,https://www.trumpf.com,False
08090958,https://www.wittenborg.eu,False
08092102,https://www.polybouw.nl,False
08095732,https://www.technia.com,False
08096714,https://a2b-online.com,False
08097855,https://werkenbijsuzlon.nl,False
08100006,https://www.shada.nl,False
08103285,https://indebuurt.nl,False
08105943,https://www.kiwaregister.com,False
08106153,https://orbys.nl,False
08107582,https://www.weg.net,False
08109078,https://imd-ma.nl,False
08110179,https://jobs.quandago.com,False
08111182,https://dgbes.com,False
08113245,https://eerde.com,False
08114303,https://www.coopervisionsec.nl,False
08116257,https://www.europlanit.nl,False
08118295,https://www.proleit.nl,False
08119373,https://careers.printdeal.com,False
08120417,https://www.werkenbijstadler.nl,False
08124924,https://careers.medline.eu,False
08124935,https://www.nepocon.nl,False
08126607,https://twente.com,False
08127192,https://aeronamic.com,False
08127255,https://www.oxy-com.com,False
08127318,https://simytech.creative-dutch.dev,False
08133984,https://www.terhoek.com,False
08140007,https://holland-controls.com,False
08140115,https://www.elnino.tech,False
08141207,https://werkenbij.consent.nl,False
08141454,https://www.vanwinkoop.nl,False
08143683,https://firatbakery.nl,False
08145679,https://tandartsbrummelhuis.nl,False
08151377,https://www.tandartskamphuis.nl,False
08152703,https://www.lamresearch.com,False
08154831,https://freetimecompany.nl,False
08155758,https://www.t-pion.nl,False
08156026,https://www.manschap.com,False
08156154,https://ponderaconsult.com,False
08156456,https://2benergy.com,False
08162601,https://www.geocat.net,False
08162755,https://www.nijwald-it.nl,False
08167024,https://www.ventilex.com,False
08173851,https://www.actronicsgroup.com,False
08176866,https://www.werkenbijsigmax.nl,False
08177178,https://www.lycens.nl,False
08181059,https://www.devrepublic.nl,False
08182931,https://nl.kaeser.com,False
08182978,https://jymanagement.nl,False
08183016,https://werkenbij.yieldergroup.com,False
08185577,https://sintecs.eu,False
08192798,https://lentinkdejonge.nl,False
08198460,https://www.ibvreeswijk.nl,False
08205315,https://nobrubv.nl,False
08208011,https://hrmloket.nl,False
08214490,https://jellice.eu,False
08215195,https://www.enschede.nl,False
08215619,https://www.kadaster.nl,False
08216203,https://www.sexingtechnologies.eu,False
08222372,https://werkenbij.my-automation.nl,False
08226745,https://www.flexellon.nl,False
09006404,https://www.dnv.nl,False
09030704,https://jobs.kinkeldermetal.nl,False
09032504,https://tanatexchemicals.com,False
09033303,https://careers.hoogwegt.com,False
09035138,https://www.kupan.com,False
09036105,https://jobs.schaeffler.com,False
09036151,https://denkavit.com,False
09036422,https://www.ubbink.com,False
09041034,https://kaak.com,False
09042296,https://www.werkenbijmoba.nl,False
09043438,https://careers.nedcon.com,False
09043479,https://www.royaleijkelkamp.com,False
09046451,https://ophtecs-europe.com,False
09050918,https://vboptimum.com,False
09051635,https://rensa.nl,False
09051790,https://www.marin.nl,False
09052376,https://werkenbij.vbi.nl,False
09052999,https://www.metaflexdoors.com,False
09056136,https://www.pasreform.com,False
09058380,https://werkenbijdozon.nl,False
09059703,https://nocnsf.nl,False
09064218,https://www.prosan.nl,False
09064424,https://www.lukkien.com,False
09066631,https://www.keygene.com,False
09067367,https://eurotrol.com,False
09070074,https://vymaps.com,False
09071239,https://www.doitorganic.com,False
09071897,https://www.wta-bv.nl,False
09073789,https://internationalaudioholding.com,False
09075471,https://werkenbij.brinkbv.com,False
09079872,https://www.bedrijventerreindebeemd.nl,False
09084362,https://www.rohill.nl,False
09085396,https://www.dekra.nl,False
09089900,https://www.specialized.com,False
09090038,https://www.hso.com,False
09091123,https://www.nijhuisindustries.com,False
09092661,https://spa.dmanagerplus.nl,False
09094422,https://www.noldus.com,False
09094994,https://ecoconsult-gmm.nl,False
09095313,https://entocare.nl,False
09097758,https://www.jadima.nl,False
09099095,https://kerstentechniek.nl,False
09100466,https://www.lovink-enertech.com,False
09102545,https://northern-linen.com,False
09103500,https://spotler.com,False
09105821,https://www.hazenkamp.nl,False
09109421,https://www.teijinaramid.com,False
09110539,https://www.xvrsim.com,False
09110804,https://abt.eu,False
09114089,https://aeteurope.com,False
09116766,https://eleaf.com,False
09117001,https://projecten.topsectorenergie.nl,False
09117449,https://www.teijinaramid.com,False
09119363,https://www.practica.org,False
09123253,https://werkenbijvbr.nl,False
09123864,https://www.infoplaza.com,False
09126552,https://www.triferto.eu,False
09127273,https://symeres.com,False
09127620,https://macally.eu,False
09128938,https://www.innovamarketinsights.com,False
09129725,https://www.futurewater.eu,False
09130113,https://www.exportdocuments.com,False
09130205,https://denms.nl,False
09131564,https://melspring.com,False
09131958,https://werkenbij.delphy.nl,False
09133823,https://www.agripartner.com,False
09134659,https://www.hotelvillaruimzicht.nl,False
09135106,https://www.marin.nl,False
09136412,https://www.accsysplc.com,False
09139048,https://www.nizo.com,False
09140062,https://www.werkenbijdfds.nl,False
09143377,https://nl.plazafoods.com,False
09145552,https://www.stichting-stan.nl,False
09145825,http://www.dushihuis.nl,False
09146652,https://spacewell.com,False
09148957,https://qbil.nl,False
09151321,https://fulumandarijn.com,False
09151791,https://www.vbairsuspension.com,False
09153813,https://www.fresh-forward.nl,False
09155985,https://www.werkenbijtennet.nl,False
09155986,https://personeelspecialisten.nl,False
09156850,https://lighthouse-software.nl,False
09157071,https://globifield.com,False
09165859,https://www.gazelle.nl,False
09166683,https://www.fst.nl,False
09175642,https://www.elitechgroup.com,False
09175819,https://www.npsdriven.com,False
09184607,https://www.nobrothers.nl,False
09188071,https://www.productip.nl,False
09195920,https://www.werkeninzorgenwelzijn.nl,False
09199226,https://www.trymax-semiconductor.com,False
09199673,https://chiropractie-ede.nl,False
09200757,https://www.prolabnl.com,False
09204509,https://kropman.nl,False
09206037,https://plant-e.com,False
09206356,https://hyethydrogen.com,False
09209205,https://human-empowerment.nl,False
09212548,https://www.wrij.nl,False
09215846,https://www.wur.nl,False
09221887,https://fianalytics.eu,False
10011311,https://www.hyster.com,False
10017059,https://www.acsi.eu/nl/contact/,True
10018598,https://aalberts-am.com,False
10019149,http://asiawijchen.nl,False
10025744,https://topigsnorsvin.com,False
10028790,https://www.werkenbijmolco.nl,False
10029257,https://www.millux.nl,False
10032195,https://www.croes.nl/contact/,False
10032958,https://www.eppendorf.com,False
10036060,https://www.synthon.com,False
10038216,https://www.inparts.nl,False
10039596,https://www.emcm.com,False
10041602,https://www.bergland.eu/en/vacancies,True
10042190,https://www.iquality.nl,False
10042215,https://werkenbij.sgb-smit.group,False
10143387,https://www.alfalaval.com/nl/microsites/puresox/contact/,True
10145547,https://planonsoftware.com,False
10146507,https://werkenbijbci.nl/contact,False
1060543,https://www.alveotech.com/,True
1076622,https://www.aphgroup.com/en/en/vacancies,True
1097692,https://www.cagemax.com/,False
11004608,https://van-amerongen.com,False
11009080,http://www.alabastine.nl/,True
11013389,https://www.oostendorp.com,False
11014569,https://www.sn.nl,False
11014800,https://www.mt.com,False
11015214,https://careers.rademaker.com,False
11017159,https://www.wassenburgmedical.com,False
11020532,https://www.circle8.nl,False
11022528,https://nutri-akt.nl,False
11025854,https://assai-software.com/about-us/,True
11026920,https://www.dtn.com,False
11026956,https://werkenbijkey.net,False
11027294,https://www.eu.logisteed.com,False
11029158,https://www.swisslog.com,False
11029212,https://www.re-vision.nl,False
11030750,https://www.rr-wfm.com,False
11031788,https://delicofood.nl,False
11032512,https://www.softwareag.com,False
11032674,https://www.jobsonline.nl,False
11042949,https://www.railtechniek.com,False
11042994,https://ipcos.com,False
11043533,https://www.genetwister.nl,False
11044248,https://werkenbij.fruitmasters.com/contact/,False
11047341,https://www.fixedtoday.nl,False
11047739,https://www.americanortho.com/about-us/careers/,True
11050157,https://omega-architects.com,False
11052639,https://www.vanoord.com,False
11055205,https://solarcomfort.nl,False
11055437,https://www.kranendonk.com,False
11057544,https://careers.frieslandcampina.com,False
11058099,https://www.svizera.org,False
11060009,https://www.hms-networks.com,False
11062368,https://spatial-eye.com,False
11063119,https://www.expat-links.com,False
11063540,https://gordian.nl,False
11068007,https://satterorchids.nl,False
11070278,https://vrugteboom.com/contact/,False
1131735,https://catawiki.careers/privacy,False
1139456,https://werkenbij.agrifac.nl/,True
1154306,https://www.chiropractieborger.nl/contact/,False
12002662,https://careers.cpp.canon/,False
12015297,https://www.sulzer.com,False
12015373,https://www.hato.lighting,False
12015669,https://www.fancom.nl,False
12016141,https://www.denieuweklasse.nl,False
12017610,https://www.werkenbijklg.nl,False
12020529,https://www.deere.nl,False
12021081,https://benzlers.nl/,True
12021235,https://www.hauzertechnocoating.com,False
12021271,https://www.nelipak.com,False
12022596,https://frankort.nl,False
12026073,https://www.ionbond.com,False
12027894,https://www.hotraco-agri.com,False
12030119,https://debanensite.nl,False
12032525,https://www.global.weir,False
12033370,https://careers.belden.com/job/Venlo-FINANCIEEL-ADMINISTRATIEF-MEDEWERKER-SSC-Neth-5928-PG/1222941600/,True
12035194,https://www.verheijen-smeets.nl,False
12038111,https://www.werkenbijflex.nl,False
12039110,https://parthos.com,False
12045703,https://www.oliverontheinside.nl,False
12045769,https://www.careersatvekoma.com,False
12049085,https://genexis.eu,False
12050865,https://www.teaminova.nl,False
12053825,https://www.ottoworkforce.nl,False
12059706,https://flmfoodgroup.com,False
12065735,https://www.mployee.com,False
12066229,https://www.xelvin.com,False
12066591,https://vikingoffice.eu,False
13007394,https://jobs.syntegon.com,False
13008971,https://debanensite.nl,False
13011306,https://www.vanaarsen.com,False
13013614,https://www.sdworx.jobs,False
13014340,https://www.nunhems.com,False
13014428,https://www.lapinus.com,False
13015670,https://www.sdworx.jobs,False
13019455,https://debanensite.nl,False
13020947,https://igl.nl,False
13023690,https://www.adams-music.com,False
13025024,https://www.sksgroup.nl,False
13027369,https://sifcareers.com,False
13028530,https://basicpharma.nl/contact/,True
13029510,https://www.hypor.com,False
13033009,https://be.firesecurityproducts.com/nl/contact,False
13036298,https://empbv.com,False
13037554,https://www.s-lecfilm.com,False
13042315,https://yellowstone.nl,False
14023536,https://www.ekk-europe.com,False
14025151,https://www.hoerbiger.com,False
14026250,https://www.ebn.nl,False
14028937,https://aspure.de,False
14032465,https://jobs.arlanxeo.com/content/Netherlands/?locale=en_US,True
14034012,https://www.alfabier.nl,False
14037850,https://www.habets.nl,False
14039569,https://www.sdworx.jobs,False
14039581,https://careers.boels.com/nl-nl/contact,True
14040129,https://www.samco.aero,False
14041630,https://o-drie.nl,False
14042783,https://www.t-systems.com,False
14043299,https://www.heuschenschrouff.com,False
14043431,https://www.jh-group.nl,False
14043781,https://www.tmspl.com/contact-us/,False
14043867,https://bedrijfsinformatiegids-nl.nl,False
14044192,https://www.ranpak.com,False
14044687,https://www.ekk-europe.com,False
14047184,https://www.ekk-europe.com,False
14049781,https://www.careersattechnomed.com,False
14050072,https://www.kobelcowelding.nl,False
14052072,https://www.anqore.com/nl/contact/,True
14052264,https://debanensite.nl,False
14054927,https://www.trento.nl,False
14060995,https://www.werkenbijzuyd.nl,False
14061938,https://www.pcdata-logistics.com,False
14066702,https://www.cedorecycling.nl/,False
14067432,https://www.approba.com/#x-section-11,True
14067752,https://www.haikutech.com,False
14068636,https://www.jobsonline.nl,False
14072225,https://www.sabic-limburg.nl,False
14074337,https://www.i3d.net,False
14076302,https://nl.edag.com,False
14079856,https://www.agas.com,False
14080886,https://rugkliniekheerlen.nl,False
14082937,https://www.een.com,False
14083599,https://www.lonza.com,False
14084401,https://www.stream-group.nl,False
14089640,https://www.chemelot.nl,False
14089954,https://heusschencopier.nl,False
14091850,https://www.ardos.eu/contact-us/,True
14093051,https://www.greenleafcorporation.com,False
14095157,https://www.code-ps.com/contact,False
14096105,https://www.ibc.nl,False
14097575,https://www.broadviewholding.com/our-businesses,False
14098797,https://www.sonion.com,False
14100256,https://www.u-center.nl,False
14101428,https://www.geris.nl,False
14101967,https://www.inalfa.com,False
14105702,https://www.werkenbijsitech.nl,False
14106278,https://www.fraba.com,False
14110754,https://www.eurofins.nl,False
14118757,https://nextviewconsulting.com,False
14124959,https://www.werkenbijmumc.nl,False
14126392,https://www.uwcmaastricht.nl,False
14126660,https://www.oberst.com,False
14128608,https://www.ou.nl,False
14132219,https://www.mcc-polymers.com,False
14600086,https://www.sdworx.jobs,False
14604604,https://liof.nl,False
14626752,https://www.piemedicalimaging.com,False
14626792,https://www.hollandexport.org/ankerpoort-nv/,True
14626793,https://www.bontrup.com/contact/,True
14626985,https://www.deheus.com,False
14627636,http://bontrup.com,False
14628280,https://www.smurfitwestrock.com,False
14631721,https://www.sappi.com,False
14635067,https://www.paradigm.eu,False
14635506,https://www.swatch.com,False
14635629,https://www.spie-nl.com,False
16018887,https://dlf.nl,False
16020978,https://werkenbij-berry.nl,False
16032089,https://www.organon.com,False
16032724,https://jobs.baxter.com/en/job/utrecht/head-of-market-access-and-digital-solutions-kidney-care/152/69873782064,True
16035413,https://www.bestron.com/nl/contact-us,True
16043753,https://www.response.nl,False
16043928,https://werkenbij.heesenyachts.com,False
16044987,https://www.covetrus.nl/Contact/Contact,False
16050353,https://www.agrifirm.nl/over-ons/contact-locaties/,True
16051576,https://www.vriesoord.nl,False
16051874,http://aa-dee.com,False
16054913,https://vhi-koudetechniek.nl,False
16057235,https://orientalmerchant.com,False
16057564,https://www.padifood.nl,False
16059423,https://www.indexhospitality.com,False
16060897,https://benelux.rwe.com,False
16063640,https://www.algeco.nl/en/quote-request,True
16063843,https://www.cyclomedia.com/en/company/contact-form,False
16066788,https://debanensite.nl,False
16068007,https://workatstichd.com,False
16070254,https://tecforce.nl,False
16071398,https://ausnutria-dairy-ingredients.com/contact/,True
16073215,https://henkelman.com,False
16077661,https://www.wuerthfinance.net,False
16078870,https://www.vionfoodgroup.com,False
16079322,https://www.brandloyalty.com//en/contact,True
16083035,https://vanderblij.nl,False
16086757,https://www.thegreenerylogistics.com,False
16087818,https://vaa.com,False
16088794,https://careers.ardaghgroup.com/go/Ardagh-vacatures/1360401/,True
17001910,https://www.philips.com,False
17003863,https://www.kuhn.com,False
17008954,https://www.bataindustrials.com/about-bata-industrials/working-at-bata/,True
17014719,https://werkenbijbeijerref.nl,False
17015537,https://www.nedschroef.com,False
17026315,https://www.cordstrap.com/nl/contact/,False
17033461,https://www.fujiseal.eu,False
17033961,https://www.emotron.in/career/,False
17034844,https://www.werkenbijfoederer.nl/,False
17035763,https://www.trimble.com,False
17037842,https://join.aae.tech,False
17038197,https://www.makita.nl,False
17040286,https://amadaweldtech.com/contact-us/,True
17040749,https://bakkermagnetics.com/jobs/,True
17044194,https://www.rematchemie.nl,False
17045790,https://www.andritz.com/group-en/about-us/andritz-worldwide#page=1,True
17050109,https://www.hqprecisioncleaning.nl,False
17052456,https://www.asml.com/en/contact-us,True
17054389,https://www.careersatkmwe.com,False
17055312,https://www.vogels.com,False
17057679,https://www.prustholding.com,False
17058344,https://wfsinc.com,False
17060180,https://apspersoneel.nl/contact,True
17060498,https://www.philips.nl,False
17062599,https://www.nederlandinbedrijf.nl,False
17062762,https://www.bufabflos.com/contact/,False
17064140,https://careers.gehealthcare.com,False
17064762,https://ellips.com,False
17064969,https://www.nunner.com,False
17065403,https://www.bkl.nl/contact/,True
17069713,https://www.orionengineering.nl,False
17070337,https://vgiwillems.nl,False
17070534,https://www.careersatiai.nl,False
17071697,https://www.physikinstrumente.nl,False
17073654,https://www.zetes.com,False
17074218,https://hollandexpatcenter.com,False
17075873,https://vimec.nl,False
17076311,https://kanters.nl,False
17077715,https://nttdata-solutions.com,False
17078393,https://werkenbij.dela.nl,False
17078573,https://www.kns.com,False
17078774,https://www.ibspe.com,False
17078777,https://www.ecct.com,False
17080757,https://www.hotfrog.nl,False
17084983,https://www.vecos.com,False
17087444,https://www.nyrstar.com,False
17092021,https://werkenbij.reef.nl,False
17092884,https://www.ame.nu/contact,True
17093863,https://innofaith.com,False
17093874,https://werkenbijtopic.nl,False
17094483,https://nextndsm.nl,False
17094991,https://www.jajo.com,False
17097158,https://www.chemeurope.com,False
17097384,https://www.elekta.com,False
17098598,https://mastership.nl,False
17099379,https://www.toolsgroup.com,False
17101996,https://ocs-lifesciences.com,False
17102525,https://werkenbijakkodis.nl/terms-of-use/,True
17102792,https://www.supermicro.com,False
17103220,https://www.basworld.com/nl/contact-ons,True
17104742,https://www.soapeople.com,False
17105739,https://prodrive-technologies.com,False
17105740,https://prodrive-technologies.com,False
17106428,https://werkenbij.driessengroep.nl,False
17106559,http://www.kanefusa.net,False
17107424,https://www.biermanhenket.nl/contact,True
17107828,https://www.adeco.nl,False
17108431,https://xeltis.com,False
17109876,https://www.newland-id.com,False
17113671,https://www.oranjedak.nl,False
17114967,https://careers.bierensgroup.com/,True
17115658,https://jobs.prodware.nl,False
17115973,https://www.werkenbijessent.nl,False
17116144,https://eyeonplanning.com,False
17116778,https://www.grodesign.com,False
17118274,https://digio.nl,False
17120496,https://www.brabantzorg.net/organisaties/bernhoven,True
17121580,https://www.sai360.com/contact,False
17125433,https://www.iodigital.com,False
17126800,https://pronovalab.com,False
17127409,https://werkenbijtopic.nl,False
17129883,https://www.policedogs.com,False
17133684,https://stellantis-et.com,False
17133723,https://niras.nl,False
17136230,https://rompagroup.com,False
17136359,https://www.jobsonline.nl,False
17137217,https://anteryon.com/contact/,True
17139427,https://www.synerscope.com,False
17140971,https://maas.nl,False
17141529,https://prodrive-technologies.com,False
17141715,https://www.ggze.nl,False
17141882,https://werkenbijaurora.nl/#contact,True
17142585,https://hanaro.eu,False
17143400,https://www.werkenbijg-nius.nl,False
17143602,https://www.heijmans.nl,False
17145728,https://www.techmahindra.com,False
17146073,https://senta.net,False
17148802,https://www.giebelsmeat.com,False
17149471,https://www.prodim-systems.com,False
17149968,https://www.ptchronos.com/nl/about-us/internationale-aanwezigheid/eersel,True
17154120,https://www.p2.nl,False
17154568,https://www.ivium.com,False
17154914,https://www.complimentbv.nl/nl/contact,False
17156182,https://tss4u.com,False
17156496,https://www.kuijpers.com,False
17158488,https://www.frontliners.nl,False
17163160,https://dutchaccountinghouse.com,False
17167501,https://www.werkenbijcontiweb.nl/contact/,False
17167598,https://metameta.nl,False
17168515,https://here.navigation.com,False
17170607,https://ptgeindhoven.nl,False
17170863,https://craft.co,False
17171188,https://kadastralekaart.com/adres/eindhoven-philitelaan-73/0772200001072759,True
17172882,https://www.2mel.nl,False
17173402,https://multi.engineering,False
17177191,https://hightechnl.app.clustersupport.eu,False
17179550,https://debanensite.nl,False
17180180,https://www.ipparking.nl,False
17180604,https://rescop.com,False
17182348,https://vacaturebank.please.nl,False
17182870,https://avivia.nl/contact,True
17185942,https://protechnicon.nl,False
17186016,https://www.enter-group.nl,False
17186480,https://nedflex.nl,False
17187159,https://www.vanberkelgroep.nl,False
17187610,https://mtd.net,False
17187852,https://www.brandloyalty.com//en/contact,True
17188953,https://www.illumina.com,False
17191324,https://one-web.nl,False
17192664,https://www.streamit.eu,False
17192702,https://www.afadispensing.com,False
17192936,https://careers.itility.nl,False
17196056,https://prespective-software.com,False
17196213,https://eyeonplanning.com,False
17200684,https://www.themembercompany.com,False
17204312,https://www.acalbfi.com,False
17205924,https://www.werkenbijhydro.nl,False
17206872,https://werkenbijthepeoplegroup.nl,False
17212136,https://www.hightechcampus.org,False
17214486,https://yellowstone.nl,False
17214960,https://hyteps.nl,False
17217235,https://eyeonplanning.com,False
17217883,https://careers.goodhabitz.com,False
17218305,https://thelogicfactory.com,False
17218471,https://hsmoffshoreenergy.com,False
17218489,https://www.mobeye.com,False
17218803,https://werkenbijtopic.nl,False
17219346,https://mapcreator.io,False
17219625,https://shuguang.nl,False
17219845,https://www.mintres.com,False
17221169,https://www.basparts.com/nl/werken-bij-bas-parts-en-tyres,True
17221694,https://www.backofficer.nl,False
17222402,https://tax-model.com,False
17225252,https://www.creetion.nl/en/contact/,False
17228082,https://www.anopanel.nl/contact,True
17228914,https://www.hydrothane-stp.com,False
17229470,https://www.lightspeedhq.com,False
17232157,https://cobra-groeninzicht.nl/contact/,False
17233801,https://www.hightechcampus-eindhoven.com,False
17235549,https://www.silfo.nl,False
17235788,https://heatmatrixgroup.com,False
17237322,https://mmdmonitors.com,False
17237981,https://werkenbijactemium.nl,False
17240011,https://www.valx.eu,False
17244144,https://www.heliox-energy.com,False
17245693,https://www.azerion.com/jobs/,True
17246503,https://www.sleevetechnology.com,False
17256263,https://hq-nyrstar.hro.be,False
17257625,https://www.accresbv.nl,False
17257650,https://www.oliver-it.nl,False
17259969,https://www.rfseu.com,False
17265826,https://eqeep.com,False
17266193,https://diamondfms.com,False
17266443,https://www.basminingtrucks.com/best-fit-for-the-job/,True
17267567,https://www.stepstone.nl,False
17270973,https://bedrijfsinformatieonline.nl/bedrijven/ingenieursbureau/noord-brabant/eersel/973237600-walker-conveying-systems,False
17272242,https://www.infobridge.com,False
17272669,https://www.helmond.nl,False
17277183,https://werkenbijgovers.nl,False
17277734,https://www.dommel.nl,False
17281805,https://www.tbrm.eu,False
17282726,https://werkenbijtaylorwessing.nl,False
17283165,https://www.tandartstarief.nl,False
17284956,https://www.uviscan.com,False
17285567,https://tlogistics.eu,False
18012279,https://www.werkenbijvangeloven.com,False
18017112,https://www.coredux.com/contact/,False
18018835,https://www.vanderwegen.com,False
18020925,https://www.fabory.com,False
18021428,https://im-innovating.nl,False
18022017,https://mol-logistics.eu,False
18024786,https://checkmark.nl/contact/,False
18026551,https://www.kinetron.eu,False
18029088,https://selectline.team,False
18029531,https://evs.com,False
18030901,https://globalus242.dayforcehcm.com/CandidatePortal/en-US/chromalloy/Posting/View/3788,False
18033496,https://datarchitecten.nl,False
18033506,https://www.bom.nl/contact,True
18041272,https://www.invacare.nl,False
18043034,https://debanensite.nl,False
18043809,https://www.besi.com,False
18044416,http://advasportservices.nl,False
18048127,https://www.werkenbijdominos.nl,False
18049181,https://www.dejongcheese.nl,False
18049719,https://werkenbijeltra.nl,False
18052467,https://www.bierens.com,False
18054486,https://portal.unitech.eu,False
18057257,https://career.csiportal.com/contact/,False
18059647,https://eccoleather.com,False
18064819,https://parakar.eu,False
18065735,https://werkenbij.vanloongroup.com,False
18068763,https://debanensite.nl,False
18071587,https://knowledge-values.com,False
18072838,https://werkenbijflexhub.nl,False
18074640,https://www.insumma.nl,False
18075879,https://www.rolande.nl,False
18076438,https://santonswitchgear.com,False
18077864,https://architectenbureau.org,False
18080425,https://www.gemeentegids-nederland.nl,False
18080454,https://agglomix.nl,False
18082272,https://www.ericsson.com,False
18084688,https://intopeople.nl,False
18085696,https://www.sovot.nl,False
18086917,https://dualinventive.com,False
18087512,https://payrollselect.nl,False
18087515,https://recruitment.rpostaffing.nl,False
18088914,https://www.pwrpack.com,False
18110482,https://www.belvac.com/our-team/locations/,True
18111931,https://serviceplein.kawneer.nl,False
18113234,https://webtest.spminstrument.nl,False
18114129,https://www.varoenergy.com,False
18115159,https://deruijterinternationalbv.com,False
18125767,https://www.infatechniek.nl,False
18126586,https://stable-rent.nl,False
18130264,https://www.elacin.com,False
18131245,https://maassluiskrant.nl,False
18132271,https://hhoya.com,False
20010279,https://www.ieotrafo.com,False
20022812,https://www.jobsonline.nl,False
20026381,https://www.alumet.nl/en/careers,True
20030174,https://www.hitachicm.com,False
20031758,https://www.janderijk.com,False
20033506,https://www.bostik.com/netherlands/nl_NL/careers/,True
20038825,https://cmpprotectivecoating.com/jobs/operator,False
20042808,https://www.travix.com,False
20042879,https://www.skalar.com,False
20046521,https://debanensite.nl/vacatures/bradford-engineering-bv,True
20046556,https://oomenarchitecten.nl,False
20051038,https://jaguarthefreshcompany.com,False
20056730,https://www.tmsi.com,False
20057409,https://gassite.com,False
20060763,https://www.amgen.nl/over-amgen/contact,True
20062192,https://www.saval.be,False
20065389,https://www.benelux.avevaselect.com/contact-us/,True
20065860,https://www.svz.com,False
20070011,https://rider.tsubaki.eu,False
20070184,https://www.fluor.com,False
20070856,https://transportvanoverveld.nl,False
20071395,https://asamco.com/contact/,True
20071772,https://www.chemeurope.com,False
20071847,https://deltalight.com,False
20073305,https://www.dutchlease.nl,False
20073363,https://nl.joblum.com/job/enthousiaste-talenten/424404,True
20073836,https://fhi.nl,False
20074900,https://www.kokstaal.nl,False
20074975,https://www.vanolsthorses.com,False
20075621,https://fysiotherapiekonings.nl,False
20078612,https://www.maltha-glassrecycling.com,False
20079768,https://internova.nl,False
20080399,https://ab-inbev.nl,False
20080522,https://www.ozgazi.com,False
20080576,https://www.amgen.nl/over-amgen/contact,True
20081827,https://amprojects-b5.aware.be/contact/language/EN,True
20083292,https://www.jobsonline.nl,False
20083483,https://fokkerservicesgroup.com,False
20084409,https://interflon.com,False
20087925,https://www.yaskawa.eu.com,False
20089611,https://www.globetech-packaging.com,False
20090202,https://www.ingenieursbureau-in.nl,False
20093227,https://www.kinly.com,False
20093617,https://nag.aero,False
20093814,https://www.rena-electronica.com,False
20094250,https://en.rrholland.nl,False
20094288,https://www.vici-nl.com,False
20097716,https://avansplus.nl/over-avansplus/contact,True
20099850,https://www.cravit.nl/en/contact,False
20100169,http://www.hi-systems.nl,True
20100257,https://www.amphia.nl/vacatures-amphia,True
20103569,https://www.macview.eu,False
20103780,https://sofico.global,False
20107818,https://www.accesstechnology.nl,False
20107910,https://jobs.dou.ua/companies/controlpay/offices/,False
20114088,https://www.netherlandsbusinessacademy.nl,False
20114696,https://www.consafelogistics.com/career,False
20117223,https://www.quistor.com,False
20119722,https://fit-global.com,False
20123348,https://www.qbex.nl,False
20123519,https://www.mpmotorsport.com,False
20130596,https://urbanjazz.nl,False
20131276,https://dorfketal.com,False
20131601,https://ibsconsultants.nl,False
20132450,https://3pgroup.com,False
20134640,https://www.grasshoppers-academy.eu,False
20139878,https://www.across.health,False
20140533,https://popay.com,False
20141063,https://labassociates.com,False
20141524,https://www.werkenbijomoda.nl,False
20142829,https://www.jobsonline.nl,False
20144793,https://www.b-built.nl/contact.html,True
20147769,https://www.maxaro.nl,False
20147999,https://www.pliant-offshore.com,False
20153869,https://www.gtrtandartsen.nl,False
20160356,https://www.dentalpointgoes.eu,False
20162359,https://www.trinseo.com,False
20162510,https://www.polproduct.nl,False
20164895,https://www.soltegro.nl,False
2038528,https://www.bollegraaf.com/nl/vacatures/,True
2039662,https://www.conoship.com/about-us/vacancies/,False
2044410,https://bioclearearth.com/team/your-career-at-bioclear-earth,True
2062255,https://bedrocan.com/nl/over-bedrocan/career/,True
2074310,https://www.brightin.nl/werken-bij,False
2077646,https://www.ankerbeer.nl/,True
21001755,https://www.vroon.nl,False
21001824,https://www.werkenbijyara.nl,False
21006768,https://www.wiertz.com,False
21009167,https://rosier.eu,False
21010023,https://www.zeeuwsevacaturebank.nl,False
21010722,http://www.werkenbijhallspars.nl,False
21015964,https://www.werkenbijyara.nl,False
21016442,https://cismanagement.nl/contacts/,False
21017199,https://www.zeeuwsevacaturebank.nl,False
21019769,https://www.denka-international.com,False
22000154,https://jobdesk.limagrain.com,False
22009211,https://www.zeelandia.com,False
22018955,https://www.vogelaar.com,False
22020666,https://zeelandrefinery.nl,False
22022618,https://werkenbijvermeer.com,False
22025279,https://meaf.com,False
22026891,https://www.technowestservices.nl,False
22030896,https://airpack.nl/vacancies/,True
22031267,https://www.grantthornton.nl,False
22031457,https://zeh.nl,False
22035259,https://c-corp.nl/contact-us/,False
22035330,https://scheldebouw.permasteelisagroup.com,False
22035975,https://www.jaspersepraktijkencentrum.nl,False
22036226,https://lambweston.eu,False
22039849,http://www.salespider.com,False
22040924,https://www.mavenir.com,False
22041298,https://www.sptoffshore.com,False
22043974,https://www.theoniongroup.com,False
22044175,https://theswaen.com,False
22047014,https://star-specialists.com,False
22047281,https://www.damenyachting.com/contact,False
22048246,https://www.vam-watertech.com,False
22049559,https://www.yara.nl,False
22050688,https://hulstkrant.nl/adviseur-milieu-colsen-18-04-2024/,False
22051334,https://www.ucr.nl,False
22051676,https://werkenbij.deltafiber.nl,False
22053787,https://www.mbpsolutions.com,False
22053805,http://www.psaconnection.com,False
22054096,https://www.boschslabbers.nl/nl/contact/,True
22054769,https://www.nederlandinbedrijf.nl/Bedrijf/561607/Tandarts-Bomaz-B.V./Koninginnelaan-22-4532BR-Terneuzen-0115617667,True
22060211,https://www.jeras.nl,False
23000475,https://www.royalihc.com,False
23011424,https://boskalis.com/contact,True
23012798,https://debanensite.nl,False
23019792,https://www.intersafe.eu,False
23022060,https://www.kvt.nl,False
23028207,https://dbr-bv.nl,False
23028372,https://jobs.valvolineglobal.com,False
23030091,https://rendon.nl,False
23031122,https://www.iv.nl,False
23031666,https://www.mtu-solutions.com,False
23032900,https://www.atlascopco.com/nl-nl/contact,True
23034745,http://www.scheepswerfslob.nl,False
23034749,https://www.villaresmetalsinternational.com,False
23035139,https://jtekt-bearings.eu,False
23035272,https://jobs.bolidt.com/,True
23037045,https://www.bakker-repair.nl/en/contact/,True
23038500,https://iqip.com,False
23040253,https://www.kiwaregister.com,False
23040872,https://www.bakkersliedrecht.com/en/career/,True
23041333,https://elcee.com,False
23045776,https://civity.nl,False
23046375,https://nebest-cot.nl,False
23047288,https://www.bayards.com/contact,True
23051631,https://snijders-et.nl,False
23054213,https://viscongroup.eu,False
23056300,https://www.jobsonline.nl/bedrijfspresentatie/bring-cargo-b-v-/,False
23056962,https://werkenbijgv.nl,False
23057271,https://www.universalsteel.nl,False
23059422,https://www.dutchdredging.nl/en/contact,True
23059445,https://www.kiwaregister.com,False
23061347,https://gcoglobal.com,False
23062680,https://www.riwal.com,False
23064074,https://www.nederlandinbedrijf.nl,False
23064120,https://www.rocketsoftware.com,False
23068838,https://www.cimsolutions.nl/contact/,False
23070691,https://www.hksmetals.eu,False
23071521,https://twindisc.com,False
23072775,https://www.rietveld.nl,False
23073850,https://www.lactalis.nl,False
23074963,http://www.ictvacaturegezocht.nl,False
23075589,https://peute.nl,False
23075813,https://www.polepositiontackle.eu,False
23077575,https://www.manus.plus,True
23078603,https://www.trust.com,False
23079181,https://www.vshanab.nl,False
23080118,https://www.itsc.nl,False
23080831,https://empwrjobs.com,False
23081496,https://www.houcon-group.com,False
23081784,https://careers.cleopatraenterprise.com/,False
23083612,https://www.nmcbv.nl,False
23084035,https://eu.suzohapp.com,False
23084771,https://careers.jenbacher.com,False
23086991,https://www.ksworks.nl,False
23087444,https://www.innovatec.com,False
23087494,https://www.dqapharma.nl/,False
23089813,https://www.iv.nl,False
23093135,https://www.fnsteel.eu,False
24001123,https://www.steinweg.com/contact/,False
24001497,https://www.pensioencarriere.nl/organisaties/aon,True
24035786,https://pelt-hooykaas.nl,False
24047019,https://www.altares.nl,False
24051923,https://www.applus.com,False
24057494,https://www.hrviacare.nl,False
24067257,https://www.originfruitgroup.com,False
24075884,https://www.jumbomaritime.nl,False
24079630,https://www.fyffes.com,False
24098095,https://www.cojafex.com/contact/,False
24099959,https://www.gbs-international.com,False
24103210,https://www.nirint.com,False
24104547,https://nl.dow.com,False
24107228,https://www.nedspice.com,False
24108516,https://www.climaxmolybdenum.com/contact,False
24109799,https://www.stolt-nielsen.com,False
24113580,https://www.ameydemarine.com,False
24116012,https://www.unigas.nl,False
24116891,https://www.maersk.com,False
24118236,https://www.kuipercompagnons.nl,False
24120005,https://careers.marshmclennan.com,False
24121125,https://www.kraaijvanger.nl,False
24123464,https://fujitrading.nl,False
24128627,https://werkenbijplukon.nl,False
24131452,https://jbekkers.com,False
24134477,https://www.aronsohn.nl/over-ons/contact/,False
24134696,https://www.univarsolutions.com,False
24135624,https://skimgroup.com,False
24137027,https://vuykrotterdam.com,False
24137513,https://agrioil.nl/,True
24137800,https://www.gunvorenergyrotterdam.nl,False
24138640,https://careersatviterra.com,False
24139123,https://www.maersk.com,False
24142711,https://www.stolt-nielsen.com,False
24142863,https://www.jobsonline.nl,False
24143763,https://www.robeco.com,False
24144703,https://www.jobsonline.nl,False
24144712,https://career.hazera.com,False
24146017,https://www.dataflex-int.com/nl/support/contact,False
24148084,https://www.kpe.qa,False
24150319,https://www.bakkerbarendrecht.nl/Locaties,True
24152493,https://www.camposol.com/contact-us/,False
24154050,https://www.maersk.com,False
24157143,https://www.mme-group.com,False
24157738,https://enovationgroup.com,False
24158410,https://careers.blauwtrustgroep.com,False
24161143,https://werkenbijrps.nl,False
24161749,https://ualalliance.com,False
24163213,https://goedegebuur.nl,False
24166429,https://www.scarabee.com,False
24167697,https://www.kci.nl,False
24167719,https://anthonyveder.com/contact/,True
24167879,https://www.werkenbijdorc.com/contact,False
24167946,https://archinect.com,False
24170071,https://emea.dummenorange.com,False
24170257,https://www.element.com,False
24170687,https://www.vitol.com,False
24171390,https://www.merkle.com,False
24172596,https://www.yamatoeurope.com,False
24173568,https://www.sbmoffshore.com,False
24174331,https://finchtree.nl,False
24175469,https://www.jobsonline.nl,False
24175820,https://www.thermoking.nl,False
24180852,https://www.werkenbijfarmfrites.com,False
24181096,https://tamoil.nl,False
24182314,https://neutelings-riedijk.com,False
24182635,https://www.alphatronmarine.com/en/contact/,True
24182857,https://www.forehand.nl,False
24186955,https://www.vekamaf.com,False
24187403,https://imdbv.nl,False
24192352,https://www.zasco.nl,False
24193093,https://careers.rhmarine.com,False
24193191,https://informatiegidsen-nederland.nl,False
24193709,https://geodis.com,False
24194095,https://debanensite.nl,False
24194837,http://werkgroep.nl,False
24195751,http://serromahshipping.com,False
24196434,https://www.netafim.nl,False
24196661,http://www.salespider.com,False
24196885,https://www.deregtcables.com,False
24199054,https://nl.horrex.nl,False
24199609,https://vijverberg.com,False
24199853,https://www.dhbbank.com,False
24217015,https://www.trumarine.com,False
24218090,https://www.wijonderhoudenvan.nl,False
24220080,https://werkenbij.ravebo.nl,False
24221658,https://schiedam24.nl,False
24225227,https://snijders-et.nl,False
24225792,https://ubnuitzendbureau.com,False
24226722,https://www.sgs.com,False
24230201,https://werkenbijmarflex.nl,False
24230253,https://orga.nl,False
24233711,https://www.jobsonline.nl,False
24233923,https://www.sbmoffshore.com,False
24237237,https://argentrade.com/jobs/,True
24237716,https://hoofdman-roodzant.nl,False
24242191,https://www.vistra.com/locations/emea/netherlands,False
24243279,https://alphacomm.io/,True
24243482,https://www.cooderjobs.com,False
24243535,https://www.usp-research.com,False
24245672,https://www.intertek.com,False
24246124,https://www.stijlgroep.nl,False
24246438,https://www.west8.com,False
24246970,https://www.eneco.nl,False
24247948,https://www.certiked-vbi.nl,False
24248451,https://www.caldic.com/About-us#Our purpose,False
24249007,https://heatmaster.nl,False
24251596,https://www.perfettivanmelle.com,False
24253371,https://www.jobsonline.nl/bedrijfspresentatie/almatis-b-v-/,True
24254078,https://careers.bs-group-sa.com/contact/,True
24254385,https://jobs.ict.eu,False
24256085,https://nabtesco-marine.nl,False
24256665,https://www.oilinvest.com,False
24256809,https://www.kdps.nl,False
24257034,https://synovatech.com,False
24257403,http://www.eentien.nl,False
24257919,http://elbitrading.com,False
24259229,https://zematra.co.uk,False
24260340,https://hi-systems.nl,False
24265707,https://www.kpsnl.com,False
24266952,https://www.shipagents.nl,False
24270706,https://debanensite.nl,False
24270960,http://www.sledgehammer.nl,False
24271243,https://rotterdamshiprepair.nl,False
24271620,https://www.bedrijven-index.nl,False
24271991,http://www.psobeheer.nl,False
24272908,https://thomassen.energy,False
24273897,https://www.interdos.nl,False
24273935,https://www.dnv.nl,False
24274700,https://eurus-europe.com,False
24275452,https://werkenbijvalantic.nl,False
24277193,https://www.womy.com,False
24278990,https://www.hatenboer-water.com,False
24280094,https://amanos.nl/contact-2/,True
24280196,https://www.iur.nl,False
24280301,https://www.novoprof.com,False
24280381,https://www.neste.com,False
24280696,https://www.trust.com,False
24281287,https://www.marinecare.nl,False
24282858,https://www.google.nl,False
24283498,https://www.pay.nl,False
24283972,https://systemat-ic.com,False
24284003,https://www.kuhneheitz.com,False
24284703,https://peute.nl,False
24284810,https://www.geojunxion.com,False
24288466,https://friendlybusiness.nl,False
24288673,https://bydeurope.com/contact,False
24288982,https://www.maccreanorlavington.com,False
24289722,https://www.drillguide.com/en/contact_en,False
24291095,https://www.wdjarchitecten.nl,False
24293853,https://www.metrixlab.com,False
24294669,https://technology2enjoy.com,False
24294676,https://www.westlake.com,False
24294747,https://www.viridiengroup.com/company/about-viridien/locations,False
24295006,https://www.tangelo-software.com,False
24295090,https://www.jpgray.nl,False
24295300,https://www.inaxtion.com,False
24295332,https://www.vopak.com,False
24296168,https://www.eneco.nl,False
24296958,https://primo-marine.com,False
24297473,https://sbit-hospitality.com,False
24298869,https://www.bioriginal.nl/contact-us/,True
24300171,https://www.hoppinger.com,False
24300221,https://rocateq.com,False
24304186,https://www.frmwrk.nl,False
24305266,https://voxius.nl,False
24305424,https://krgasianfood.com,False
24305522,https://www.vanbergenkolpa.nl,False
24305889,https://aatop.nl,False
24306324,https://www.roodhart.com,False
24307569,https://www.cofcointernational.com/contact-us/,False
24307997,https://almende.com/careers/,True
24308587,https://www.anewspring.com/about-us/contact-us,True
24308721,https://systemation.nl/en/contact/,True
24308915,https://www.cardano.nl/contact/,False
24309192,https://rometal.nl,False
24310558,https://www.poferrymasters.com,False
24310796,https://www.iv.nl,False
24311532,https://www.buyjustrite.eu,False
24312114,https://www.davinci-ls.com/en-us/contact,False
24314645,https://www.boreal-laser.nl/contact/contact.php,True
24316726,https://careers.ecorys.com,False
24317458,https://blonksustainability.nl/about-us/contact,True
24318035,https://www.hmttank.com,False
24318308,https://www.ipsgroupbv.com,False
24319004,https://www.optelec.nl,False
24319999,https://www.cardialysis.com/company/careers/,False
24321042,https://www.vwtelecom.com,False
24321630,https://protonventures.com,False
24321697,https://metinvestholding.com,False
24323710,https://archinect.com,False
24324608,https://www.tke-homesolutions.nl,False
24324616,https://www.tkelevator.com,False
24326348,https://samenwerkenmet.harmony.nl,False
24326419,https://www.dinel.nl,False
24327536,https://www.transoftsolutions.com,False
24328090,https://werkenbiject.nl,False
24328120,https://aramgroup.com/werken-bij-aram/,True
24328835,https://sdguthrie-international.nl,False
24329947,https://mauserpackaging.com,False
24330161,https://skydreams.com,False
24331915,http://www.cciceu.com/en/contact/careers,False
24332191,https://www.molchemtankers.com,False
24332338,https://www.jobbird.com,False
24332343,https://www.catexel.com/,False
24332536,https://www.uniquegroup.com,False
24332667,https://www.mrestart.nl,False
24333211,http://www.schoonhovenseapotheek.nl,True
24334797,https://ehaweb.org,False
24335225,https://obabv.nl,False
24335571,https://worldfreightlogistics.nl,False
24335617,https://www.ilionx.com,False
24336922,https://www.adlittle.com/en/country/netherlands,True
24338323,https://www.nautadutilh.com,False
24338706,https://welovethecity.eu/contact/,True
24338708,https://jobs.dr-group.nl,False
24339751,https://almende.com/research-and-development/contact-us/,True
24341015,https://www.compasnl.com,False
24342031,https://www.foldam.nl,False
24342369,https://vacatures.roc.nl,False
24343665,https://www.eurocollege.nl,False
24345285,https://colorbase.com/,False
24345456,https://www.jobsonline.nl,False
24349518,https://mei-arch.eu,False
24350255,https://ckdeu.info/sales-office-branch-in-europe/,False
24350455,https://jobs.lr.org,False
24352072,https://www.iv.nl,False
24352575,https://www.khe.eu,False
24353249,https://www.chubb.com/benelux-nl/careers/current-vacancies.html,False
24354029,https://www.steenland.nl,False
24354561,https://werkeninderotterdamsehaven.nl,False
24355449,https://www.agerion.nl,False
24357886,https://www.mimakieurope.com,False
24359806,https://ipknowledge.nl,False
24360819,https://staging.lastmilesolutions.com,False
24361465,https://young-experience.nl,False
24361524,https://lemariagedelouise.be,False
24361910,https://livingit.nl,False
24362627,https://www.selectainfra.nl,False
24363307,https://www.cloudcredential.org,False
24364284,https://www.trusted-id.eu,False
24364953,https://www.tos.nl,False
24365438,https://www.hrprojectpartners.nl,False
24366430,https://sprank.nl,False
24366820,https://www.akd.eu/nl/contact,True
24368342,https://merwedevalves.nl,False
24369841,https://www.werkenbijasvz.nl,False
24370008,https://www.onego.nl,False
24370056,https://www.manus.plus,False
24371308,https://groupa.nl,False
24373958,https://app.breadbox-shipping.com/public/document/11/breadbox-shipping-lines-open-positions-1160.pdf,False
24375270,https://fitforme.com,False
24377619,https://www.mtbs.nl,False
24378358,https://www.harva.nl,False
24378552,https://source.fource.nl,False
24380056,https://topconhealthcare.eu,False
24380476,https://www.mendix.com,False
24380947,https://jj-inspections.nl,False
24382216,https://vuicon.nl,False
24382449,https://royaldeck.nl/,False
24385193,https://www.medpace.com,False
24385603,https://www.frupo.de,False
24386524,https://accept.blisdigital.com/contact/,True
24387623,https://careers.boskalis.com/contact,True
24390114,https://vstepsimulation.com,False
24391533,https://www.rotterdamengineering.nl,False
24392473,https://www.woningcorporaties.nl,False
24395334,https://www.ptwdosimetry.com,False
24395414,https://www.refresco.com,False
24397725,https://www.sytac.io,False
24399711,https://ids.q8.com,False
24402216,https://www.vonq.com,False
24402765,https://foodmateglobal.com,False
24402811,https://newmonday.nl,False
24404755,https://topbouwwerken.nl,False
24404761,https://www.vtti.com,False
24405404,https://www.payforpeople.nl,False
24406191,https://www.evos.eu,False
24408175,https://hyundaiwelding.com,False
24415637,https://juristi.nl,False
24417658,http://www.cnlgroep.nl/cnlgroep.nl/,False
24417682,https://www.atlanship.eu/contact/,True
24417793,https://www.persistent.com,False
24418824,https://tulsie.nl,False
24419447,https://csc-crewing.com,False
24421134,https://ortec.com,False
24421147,https://ortec.com,False
24421148,https://www.ortecfinance.com,False
24422047,https://www.broekmancareers.com/#,False
24422094,https://kaustikeurope.com,False
24424572,https://www.boorscholen.nl,False
24424856,https://www.utquality.eu,False
24426419,https://treehouse.nl,False
24428177,https://www.fluiconnecto.com,False
24428815,https://careers.headstaffing.nl,False
24429486,https://mhpoly.nl,False
24429527,https://beveco.nl/en/contact-1,True
24430055,https://smartsd.com,False
24431634,https://www.cataly.com/contact,False
24431716,https://hoom-aupair.nl,False
24432166,https://www.agrifoodmatch.nl,False
24432272,https://jobs.orangecyberdefense.com,False
24434826,https://www.foreverdirect.eu,False
24435858,https://pureblue.nl,False
24437396,https://www.vanderleun.nl,False
24437985,https://www.northseatankers.com,False
24438773,https://partnersnetwork.com,False
24439170,https://www.werkenbijwilmar.nl,False
24439644,https://careers.mooveconnectedmobility.com,False
24443483,https://www.diesekogroup.com,False
24445601,https://www.theoffshorepartners.com,False
24445976,https://www.talent-gezocht.nl/bedrijfspresentaties/211/bdp-netherlands-bv.html,True
24446448,https://vertigo-games.com,False
24448205,https://www.vertidrive.com,False
24448294,https://www.bluephoenix-group.com/contact/,True
24450204,https://7solutions.eu,False
24453143,https://www.werkenbijwilmar.nl,False
24454081,https://www.genpact.com,False
24457709,https://werkenbijeuropastry.nl,False
24457789,https://www.santova.eu,False
24465394,https://ww2.geosys.nl,False
24466419,http://www.ggau.net,False
24468790,https://darwind-nl.com,False
24469532,https://www.senko.com,False
24470897,https://debanensite.nl/vacatures/centraal-invorderings-bureau-b-v,False
24474216,https://www.coolgames.com/contact/,False
24476282,https://www.hsos.eu,False
24480928,https://www.mondzorgdogterom.nl,False
24484869,https://www.kioti.eu/contact-us,False
24491838,https://www.benkprojects.com/contact/,True
24492873,https://www.moore-drv.nl,False
24495550,https://www.rsm.nl,False
27002562,https://www.schindler.nl,False
27018231,https://www.sirva.com,False
27032036,https://nibc.com,False
27037499,https://www.anp.nl/vacatures/,True
27039108,https://www.zorgbanen.nl,False
27047671,https://www.deerns.com,False
27049562,https://nwbbank.com,False
27068392,https://www.baminfra.nl/contact,True
27072269,https://werkenbij.tacx.nl,False
27075288,https://www.kone.nl,False
27083963,https://haagscherugbyclub.nl,False
27084741,https://netherlands.samsongroup.com,False
27089246,https://www.vo.eu,False
27090548,https://www.fabrieknutriciazoetermeer.nl,False
27092121,https://www.smitsvanburgst.nl,False
27094573,https://kocvleeswaren.nl,False
27096162,https://bumicom.nl/contact,False
27100034,https://www.wintershall-noordzee.nl,False
27103813,https://www.goudappel.nl/en/contact#deventer,False
27108436,https://www.oxfamnovib.nl,False
27109571,https://wehkampretailgroup.nl,False
27111057,https://vanderveldeprotection.nl,False
27112013,https://stroom.com/werken-bij/,True
27114293,https://www.ellenslentze.nl,False
27125112,https://debanensite.nl,False
27126022,https://top-advies.nl,False
27130302,https://nl.gigroup.com,False
27136540,https://www.ncim-groep.nl,False
27136592,https://jobs.zf.com,False
27136700,https://www.cashflow.nl,False
27139432,https://www.macroscoop.nl,False
27139775,https://www.ontwerpwerk.nl,False
27141718,https://www.optex-europe.com,False
27141841,https://lejeune.nl,False
27143943,https://www.canon-europe.com/pro/contact-canon-professional-support/,False
27144722,https://www.servorg.nl,False
27148888,https://www.tui.nl,False
27149998,https://www.oig.nl,False
27150948,https://jobs.eastman.com,False
27152051,https://www.easternenterprise.com,False
27154955,https://nl.mststolls.com,False
27155328,https://www.wolfdikken.nl,False
27155784,https://www.fenestrae.com,False
27155873,https://www.merckgroup.com,False
27159074,https://www.geurst-schulze.nl,False
27163422,https://marlink.com,False
27164810,https://eraze.com,False
27165397,https://www.rbauction.com,False
27168083,https://www.europoolgroup.com,False
27168507,https://www.postnl.nl,False
27168565,https://ars-traffic.com/contact/,True
27168771,https://www.transfollow.org,False
27169445,https://www.gamepoint.biz,False
27170153,https://www.stewardredqueen.com,False
27170474,https://werkenbij.delta-n.nl,False
27171527,https://www.dpi.nl,False
27172854,https://www.torrestropical.com,False
27175568,https://odin-rvb.com,False
27175987,https://paotm.nl,False
27176752,https://pirgroup.com,False
27177194,https://www.yuverta.nl,False
27177454,https://rccgnetherlandsmission.org,False
27177678,https://www.tjip.com,False
27179947,https://www.kunstmuseum.nl,False
27180758,https://adodenhaag.nl,False
27182667,https://site-acc.rocmondriaan.nl,False
27183335,https://www.fabrique.nl,False
27184323,https://www.stantec.com,False
27184529,https://www.globalswitch.com,False
27185151,https://www.kve.nl,False
27185827,https://intrixo.nl,False
27186427,https://liroy.nl,False
27186453,https://www.netherlandswaterpartnership.com,False
27186537,https://www.alpinvest.com/contact,True
27189542,https://nimd.org,False
27189920,https://administratiekantoorwijzer.nl/s-gravenhage/cicek-ler-payservices-b-v/,False
27191337,https://www.cogentco.com/en/offices/europe,False
27191631,https://werkenbijmn.staging.01.getnoticed.nl,False
27192319,https://b2bmap.com/autofacets/contact-info,True
27192515,https://silicon.nu,False
27193401,https://xpolplatform.com,False
27193898,https://www.licentacademy.nl,False
27194182,https://mielooandalexander.com,False
27195046,https://vng.gopublic.work,False
27197227,https://www.advancedchiropracticstudio.nl,False
27197330,https://www.portwiseconsultancy.com,False
27198207,https://www.youvia.nl,False
27199369,https://werkenbijpanteia.nl,False
27214553,https://www.dvdp.nl,False
27216361,https://www.wur.nl,False
27216926,https://werkenbijkoppert.nl,False
27217083,https://www.vanderhoeven.nl,False
27217164,https://ridder.com,False
27217803,https://www.werkenbijroyalbrinkman.nl/portal-over-het-bedrijf/contact,False
27218476,https://deliflor.nl,False
27218816,https://www.priva.com,False
27220515,https://duiker.com,False
27220755,https://hoogendoorn.com,False
27221420,https://www.dalsem.com/en/Contact,False
27222430,https://www.careersatoctatube.nl,False
27223525,https://www.west.nl,False
27225266,https://tecforce.nl,False
27225490,https://hollandheater.nl,False
27225828,https://www.exact.com,False
27227223,https://werkenbij.ogd.nl,False
27228063,https://www.xelion.com,False
27228703,https://nmigroup.com,False
27228724,https://www.jobsonline.nl,False
27229875,https://werkenbijstolze.nl,False
27231269,https://testwww.mecanoo.nl,False
27231966,https://mat-tech.com,False
27232426,https://www.geodelta.com,False
27233418,https://nmi.nl,False
27233498,https://allseas.com/company/offices-and-yards/,True
27234324,https://www.hukseflux.com,False
27237620,https://certhon.com/contact/,False
27238661,https://www.aame.nl,False
27239456,https://www.kve.nl,False
27239458,https://events.netcompany.com,False
27239696,https://nl.joblum.com,False
27240004,https://fenixdelft.com,False
27243574,https://dpdk.com,False
27244197,https://werkenbij.inlichtingenbureau.nl,False
27244554,https://mibuso.com,False
27245148,https://hcss.nl,False
27246267,https://astrolkwx.com/vacancies/,True
27247337,https://madisonpeople.com,False
27247356,https://forseti.nl,False
27247621,https://yxion.nl,False
27247757,https://www.mindbus.nl,False
27248299,https://www.worth.nl,False
27248417,https://aquaforall.org,False
27248986,https://iici.global,False
27249237,https://nl.devoteam.com,False
27249749,https://mmid-group.com,False
27250371,https://agium.nl,False
27250791,https://river-insight.com,False
27251086,https://ce.nl/contact/,False
27252390,https://www.poolsterbv.com,False
27252642,https://info.sasmabv.com,False
27255884,https://www.code.nl/contact,False
27256461,https://www.brace-automotive.com/en/contact,True
27257333,https://www.synechron.com,False
27257553,https://trius.nl,False
27257999,https://www.selectum.nl,False
27259366,https://www.burenlegal.com/en/contact,False
27260283,https://deltateam.nl,False
27260928,https://www.sjaakvanschie.nl,False
27260962,https://semansys.com,False
27263335,https://careers.nlo.eu,False
27263407,https://www.aptitudehealth.com,False
27263954,https://wispex.nl,False
27264011,https://www.systemsnavigator.com,False
27264246,https://proteonic.nl,False
27264260,http://www.iccwomen.org,False
27264567,https://www.standardbio.com,False
27264588,https://www.careers.autobinck.com,False
27268138,https://www.data2logistics.com/contact/carrier-and-client-inquiry.aspx,False
27271323,https://www.rbbecon.com,False
27271827,https://www.gormley.nl,False
27273563,https://westlandvacatures.nl,False
27274144,https://www.agrocare.nl/nl/wie-wij-zijn/locaties/kantoor,True
27277600,https://delphy.nl,False
27279653,https://www.kwrwater.nl,False
27280351,https://www.dzmdata.nl,False
27280941,https://www.apotheek.nl/apothekers/apotheek-jager-bruining-bv,True
27281985,https://www.nyenrode.nl,False
27284379,https://www.atricure.com/about-atricure/locations,True
27284558,https://www.matrixfitness.com,False
27285301,https://drukkerij-gids.nl/s-gravenhage/albumprinter-productions-bv/,True
27286042,https://internationalmidwives.org,False
27287509,https://www.riscure.com,False
27289106,https://www.lenntech.com,False
27289872,https://primevision.com,False
27290536,https://www.hiil.org,False
27291266,https://composites.taniq.com,False
27292773,https://hypotheekadvies-nederland.nl,False
27293196,https://qmulus.nl,False
27293233,https://www.benelux.zurich.com,False
27294005,https://strohm.eu,False
27294457,https://werkenbijnormecfoodcare.com,False
27296191,https://www.infosys.com,False
27296425,https://www.oryx.com,False
27296853,https://www.conclusion.nl/en/careers/the-conclusion-ecosystem,False
27298036,https://www.supernannyaupairservices.nl,False
27298244,https://www.mobiletrack.nl,False
27298463,https://debinnenbaan.nl,False
27299725,https://mergr.com,False
27301594,https://globalfactories.com,False
27301624,https://www.fox-it.com,False
27301891,https://www.shs-group.nl,False
27303614,https://aratis.nl/#contact,True
27303697,https://www.supairdelft.nl,False
27307418,https://hhrs.nl/,True
27307660,https://tandartspraktijkijsselmonde.nl,False
27308939,https://sam-media.com,False
27309079,https://autobinck.com/nl/contact,True
27310568,https://arq.org/en/more-arq/about-arq/contact,True
27313170,https://semmtech.com,False
27313877,https://englishjobs.be,False
27314026,https://cenosco.com/contact,False
27315416,https://www.eko-instruments.com,False
27315486,https://cimt.nl/contact-en/,False
27318279,https://gmf-nl.com,False
27318327,https://westteambv.nl,False
27319349,https://aardevo.com,False
27319870,https://octas-statera.nl,False
27319941,https://www.eskrabouw.nl,False
27320033,https://www.ensol.nl,False
27322631,https://careers.digidentity.eu,False
27324016,https://cambioceramics.com/contact,False
27325250,https://www.chiropractie-praktijken.nl/chiropractor/zuid-holland/maasdijk/chiropractie-westland,False
27329900,https://payrolling-gids.nl,False
27330539,https://www.coolseparations.nl/contact/,False
27332651,https://careers.talmundo.com,False
27332657,https://www.frameoffices.com,False
27333447,https://lowqode.nl,False
27333575,https://www.tandartspraktijkprinsenhof.nl,False
27335813,https://www.telespazio.be,False
27338224,https://hwi-group.nl,False
27338828,https://www.aame.nl,False
27339113,https://aboutromynox.com,False
27341807,https://marktonderzoeksbureaus.nl,False
27345128,https://www.tandartsrijswijk.nl,False
27348139,https://advocatengids.net/s-gravenhage/alalim-legal-b-v/,True
27350459,https://dentalxl.tandartsennet.nl,False
27359105,https://ocre.nl/contact/,True
27361194,https://www.tolq.com,False
27364073,https://rogierwieland.com,False
27364140,https://www.cooderjobs.com/bedrijven/conclusion-mission-critical-102,False
27364542,https://www.agrifoodmatch.nl,False
27366422,https://www.lumc.nl,False
27367015,https://www.nwo.nl,False
27371143,https://www.pbl.nl,False
27371517,https://www.robinradar.com,False
27372897,https://www.gidara-energy.com,False
27377928,https://www.globalvatcompliance.com,False
27378436,https://milanoinfrabv.nl,False
27378800,https://www.walterblom.nl,False
27380209,https://koperspecialist.nl/bedrijfsgegevens/,True
28000165,https://royalsanders.com,False
28000558,https://www.feadship.nl,False
28028350,https://www.humanr.nl,False
28034356,https://www.at-aandrijftechniek.nl/bedrijven/brevini-power-transmission/,False
28034863,https://www.zeeman.com,False
28036121,https://careers.oneill.com,False
28040948,https://europe.aramco.com/en/global-contacts,True
28041872,https://innovativemedicine.jnj.com,False
28045242,https://www.iv.nl,False
28045940,https://www.praxis-automation.com,False
28047512,https://www.panterra.nl,False
28048592,https://www.pharming.com,False
28051415,https://antecscientific.com/about/contact/europe-hq/,True
28052105,https://tvilight.com,False
28052444,https://dk.nl/werken-bij-dk/,True
28052651,https://chiropractieleiden.nl/route-parkeren/,False
28054540,https://careers.decos.com,False
28055371,https://debanensite.nl,False
28056017,https://www.jobsonline.nl,False
28056421,https://www.novonordisk.nl,False
28056762,https://leidencryogenics.nl,False
28057490,https://www.infobel.com,False
28058665,https://www.duvak.nl,False
28059038,https://www.hespace.com,False
28060405,https://www.sofisglobal.com,False
28060938,https://www.baseclear.com/contact/,True
28066287,https://www.emsere.com,False
28070011,https://www.heembouw.nl,False
28071156,https://lifestylechiropractic.nl/contact/,False
28071545,https://www.demobv.nl,False
28071688,https://libertatisergo.com,False
28072235,https://www.radac.nl,False
28073827,https://www.streetlife.com,False
28075744,https://medisimaging.com,False
28075847,https://www.global-energy.nl,False
28076276,https://www.hunteramenities.com,False
28076579,https://www.aurora.nl/contact/,True
28077207,https://www.microflown.com,False
28078995,https://www.pharming.com,False
28079665,https://gbeconverge.com,False
28080295,https://www.akzonobel.com/en/contacts,True
28081544,https://www.ejr-quartz.com,False
28081869,https://www.tafverzekeringen.com,False
28083334,https://www.atlasinexco.com/contact,True
28084412,https://interforce.eu,False
28084550,https://ab-ovo.com,False
28084840,https://nautaconnect.com/en/contact/,False
28086907,https://airbusdefenceandspacenetherlands.nl/contact/,True
28087313,https://www.am-pharma.com/contact-2/,True
28088679,https://www.mylette.nl,False
28089096,https://max-boegl.de,False
28093405,https://www.heijmans.nl,False
28094651,https://www.network4cars.com,False
28095963,https://leidenkrant.nl/consultant-biotop-medical-21-04-2024/,True
28098276,https://www.nomios.nl,False
28098370,https://www.refresco.com,False
28099585,https://www.accountantskoeleman.nl,False
28100442,https://www.bioke.com/about-bioke/contact/,False
28100791,https://www.emg-csr.com,False
28103137,https://zobio.com,False
28103468,https://www.klaveromega.nl,False
28108221,https://marevisie.nl,False
28110092,https://www.fytagoras.com,False
28110831,https://www.panterra.nl,False
28110843,https://www.panterra.nl,False
28111701,https://www.sinojobs.com/en/list-of-employers/company-details/china-cargo-airlines-ltd-europe.html,True
28116301,https://centraalstaal.com/contact-us,False
28117630,https://musqueteer.nl,False
29010376,https://maakhetbijmokveld.nl,False
29010639,https://www.gemeentebanen.nl,False
29014906,https://www.lcpackaging.com,False
29029243,https://werkenbijdwa.nl,False
29031508,https://conscia.com/nl/vacatures/,False
29031645,https://www.dexxon.nl,False
29033487,https://www.gaf.eu,False
29034307,https://www.electron-etg.com,False
29035351,https://arrayindustries.com/nl/contact-nl,True
29036144,https://www.delmonteeurope.com,False
29037906,https://starware.com,False
29039799,https://lbp.net,False
29040249,https://www.qreer.com,False
29046452,https://nl.mathworks.com,False
29051065,https://atradiuscollections.com/nl/contact,True
30022258,https://www.mitsubishi-liften.nl,False
30024315,https://www.verder.com,False
30024744,https://www.vrumona.nl,False
30025165,https://www.cobra-suspension.com,False
30029428,https://www.sweco.nl,False
30033216,https://www.terbergspecialvehicles.com,False
30037575,https://werkenbijscjohnson.nl,False
30040105,https://yama.nl,False
30041716,https://www.ascom.com/nl/over-ons/wie-we-zijn/contact-opnemen/,True
30045546,https://www.royalterberggroup.com,False
30046259,https://rabobank.jobs/en/contact/,False
30058019,https://www.bam.com,False
30059273,https://www.werkenbijbruna.nl/contact,False
30059821,https://www.werkenbijequans.nl,False
30060192,https://blygoldlab.nl/vacatures/,True
30061502,https://www.lioc.nl,False
30062415,https://www.triodos.nl,False
30065034,https://hitechbv.nl,False
30065974,https://www.shv.nl,False
30067102,http://www.brandnewday.nl/Over_ons/contact.html#Contactgegevens,True
30070695,https://www.werkenbijasr.nl/contact,True
30071311,http://www.hommema.com,False
30073853,https://www.benschopinstallatietechniek.nl,False
30074837,https://careers.saltagroup.com,False
30075197,https://jobs.ict.eu,False
30076824,https://scanmodul.com,False
30077474,https://www.paradigm.eu,False
30077778,https://www.alfalaval.nl/contact-us,True
30079040,https://www.mercedes-benz.nl,False
30079428,https://www.nevesbu.com,False
30083777,https://www.mch.nl,False
30084605,https://www.vandammachine.com,False
30085572,https://nl.ingrammicro.eu,False
30086290,https://www.chemship.com/category/vacature/,False
30086383,https://www.nieman.nl,False
30086624,https://www.komori.eu,False
30087348,https://kiremko.com,False
30089111,https://blueprintautomation.com/en/contact-us,True
30089418,https://www.ccs.nl/contact/,False
30089837,https://www.straumann.com,False
30094569,https://bandalljobs.com/nl/,True
30094746,https://heybroek.com,False
30095231,https://www.marketing-communicatie-vacatures.nl,False
30095919,https://ormittalent.nl,False
30096365,https://allshare.nl/about-us,True
30097965,https://werkenbijscjohnson.nl,False
30098428,https://www.shvenergy.com,False
30099450,https://www.athora.com/contact-us,True
30100753,https://www.stepstone.nl,False
30103440,https://tinker.nl,False
30105045,https://www.brightsight.com/contact,False
30105164,https://hollandnovochem.com,False
30106075,https://pqr.com,False
30106897,https://www.extremenetworks.com,False
30108316,https://www.zja.nl,False
30108663,https://airofiller.com/contact/,True
30109705,https://emea.technetix.com,False
30110526,https://www.incontrolsim.com,False
30111449,https://www.scanmarqed.com,False
30111659,https://www.janzandbergen.nl,False
30112230,https://kuipers.nu,False
30113317,https://boscleaningfinishing.com/contact/,True
30113646,https://www.kendrion.com,False
30114696,https://thepalladiumgroup.com,False
30115542,https://acupunctuurcentrumkockengen.nl,False
30116000,https://www.knm.nl,False
30116651,https://www.aryza.com/careers/,True
30116818,https://omve.com,False
30118462,https://www.tree-c.nl,False
30118531,https://www.tetrapak.com,False
30118706,https://www.spencerstuart.com,False
30119388,https://www.hobart.nl,False
30119428,https://www.ibis-spr.nl,False
30119730,https://fudura.circle8.nl,False
30120934,https://www.era.nl,False
30122973,https://hollandmalt.com,False
30123220,https://www.molendijkschilt.nl,False
30123865,https://www.hsb.nl,False
30124287,https://westfort.nl,False
30124927,https://www.achmea.nl,False
30125398,https://versatec.nl,False
30125535,https://contact.oetker.nl,False
30126062,https://mmguide.nl,False
30127415,https://zorgen.nl,False
30128212,https://rgp.com,False
30128245,https://www.intero-integrity.com,False
30128316,https://werkenbijhlbblomer.nl,False
30128649,https://connect.tdsynnex.nl,False
30128927,https://www.jobsonline.nl,False
30129769,https://www.sweco.nl,False
30130509,https://www.viavac.nl,False
30132353,https://www.cosine-group.com,False
30134311,https://www.ns.nl,False
30135361,https://magnitglobal.com,False
30135370,https://carriere.infosupport.com,False
30136556,https://dupi.com,False
30137556,https://www.at-aandrijftechniek.nl,False
30138602,https://careers.valtech.com,False
30138675,https://www.dare.eu,False
30139084,https://justlease.nl/service-en-contact,True
30139436,https://struktonrail.nl,False
30140523,https://www.hu.nl,False
30140802,https://careers.grunenthal.com,False
30141687,https://www.europages.nl,False
30142240,https://www.vintura.com,False
30142784,https://bearingpointcareers.nl/,True
30143249,https://www.trafficlink.nl,False
30145386,https://www.avaniaclinical.com/contact/,True
30145890,https://www.valleifinancegroup.nl/audit/contact,True
30146277,https://www.ses.com,False
30146760,https://www.okra.nl,False
30146769,https://careers.linkit.nl,False
30147672,https://www.3ds.com/about/company/office-locations/netherlands/s-hertogenbosch,False
30149642,https://www.erdotex.com,False
30149889,https://www.hillhead.com,False
30156863,https://europe.midtronics.com,False
30158292,https://www.nixxes.com,False
30158397,https://werkenbijstrukton.nl,False
30158765,https://careers.gpi-group.com,False
30158924,https://xlab.nl,False
30159397,https://acist.com,False
30161191,https://guidehouse.com,False
30162108,https://syneoshealth.com,False
30163413,https://careers.inlumi.com,False
30165675,https://www.werkenbijfysioholland.nl,False
30166109,https://roveg.inhroffice.com,False
30166240,https://rgp.com,False
30166348,https://www.jdepeets.com,False
30167971,https://joulz.nl,False
30168362,https://3dimerce.com,False
30168665,https://3dimerce.com,False
30170072,https://nl.triodosjobs.com,False
30171841,https://academicmedicaleducation.com,False
30173045,https://comsecglobal.com/contact/,False
30174093,https://pon.com,False
30174292,https://www.tma.nl,False
30174417,https://www.prg.com,False
30174530,https://www.anago.io/over-anago,True
30175262,https://steltix.com,False
30179673,https://www.iema.net,False
30180751,https://www.anthesisgroup.com/locations/netherlands/,True
30181489,https://allaboutflex.nl,False
30182235,https://werkenbijwestfort.nl,False
30182803,https://www.mitutoyo.nl,False
30184675,https://www.avitgroup.com/contact,True
30184960,https://www.fortna.com,False
30185278,https://delft.care,False
30188330,https://www.labyrinthonderzoek.be,False
30189136,https://careers.merus.nl,False
30189917,https://mendrix.nl,False
30189996,https://ovotrack.com,False
30190706,https://careweb.nl,False
30191139,https://tkhsecurity.com,False
30192079,https://www.gladwellacademy.nl/contact,True
30195258,https://werkenbijconclusionxforce.nl/contact/,False
30195841,https://www.bam.com/nl/contact,True
30196373,https://werkenbijbergmanclinics.nl/,True
30196818,https://werkenbijemerson.nl,False
30197637,https://kurosbio.com,False
30198568,https://www.banktrack.org,False
30199113,https://ccsyacht.com/,False
30199604,https://www.werkenbijnuovo.nl,False
30199843,https://www.doubledividend.nl,False
30200217,https://www.tribus-group.com,False
30200252,https://www.sogeti.nl,False
30201266,https://www.nyenrode.nl,False
30202447,https://careers.staedean.com,False
30202468,https://www.gendx.com,False
30202683,https://www.mysolution.com,False
30203820,https://cls.demodotcom.nl/en/contact,False
30204158,https://www.verder.com,False
30204842,https://www.nlfoodpartnership.com,False
30205205,https://chainbalance.com/en,False
30205502,https://www.intersporttwinsport.nl,False
30207515,https://www.milabs.com,False
30208051,https://sanday.com,False
30208805,https://entelect.nl,False
30209156,https://papilioservices.com,False
30210139,https://careers.keylane.com,False
30210429,https://divardy.nl,False
30210912,https://easyads.eu,False
30211409,https://www.salesforce.com,False
30213095,https://www.anvr.nl,False
30213230,https://careers.john-west.co.uk,False
30213645,https://www.thujacapital.com,False
30213859,https://risa-it.nl,False
30214009,https://paxforpeace.nl,False
30215746,https://www.stellar.nl,False
30215805,https://aquavision.nl/?page_id=154,True
30215833,https://gildehealthcare.com,False
30217488,https://suresync.nl,False
30218521,https://www.cowhills.com/,False
30220057,https://www.feddes-olthof.nl,False
30220519,https://debanensite.nl,False
30220595,https://www.gcssbv.com,False
30220826,https://www.florencius.nl,False
30225455,https://www.ibknl.com,False
30225482,https://www.allucent.com/contact,True
30225996,https://www.2getthere.eu,False
30226371,https://www.glycostem.com,False
30226925,http://www.unclesem.nl,False
30227232,https://bpiservices.eu/en/contact/,True
30227357,https://languagepartners.nl,False
30228472,https://www.pggm.nl,False
30230493,https://www.triskelion.nl,False
30230944,https://insightsoftware.com,False
30232700,https://oyceu.com,False
30232830,https://www.dsg.eu,False
30233017,https://www.hso.com,False
30233279,https://careers.nixu.com,False
30238214,https://www.impunitywatch.org,False
30238674,https://www.knoell.com,False
30240102,https://www.engageprocess.com,False
30240841,https://ace-tankers.com,False
30242744,https://www.solidprofessionals.nl,False
30243164,https://www.movic.nl,False
30244124,https://www.juliusclinical.com,False
30244197,https://www.umcutrecht.nl,False
30244543,https://www.ilionx.com,False
30244919,https://www.butlerschool.com,False
30245580,https://www.sitecore.com,False
30246191,https://www.presspage.com,False
30246968,https://www.codit.eu/en/contact/,False
30247256,https://www.freshdynamics.nl,False
30250256,https://jobs.merkator.com,False
30252101,https://www.involvation.com,False
30253968,https://www.finalyse.com,False
30257805,https://dewerkunie.nl,False
30259118,https://www.merlin.nl,False
30259368,https://company.info,False
30259744,https://icecat.com,False
30265026,https://www.fivedegrees.com,False
30265403,https://site.nwwi.nl,False
30266372,https://ichoosr.com,False
30272493,https://evgstart.nl,False
30273014,https://www.elten.nl,False
30275087,https://fysiotherapieweerdsingel.nl,False
30282400,https://www.bam.com/nl/contact,True
30284694,https://iknl.nl,False
30288396,https://konnektus.nl,False
31009627,http://aako.nl,False
31016969,https://www.vega.com/nl-nl/bedrijf/vacature,True
31017694,https://debanensite.nl,False
31020246,https://norit.com,False
31020309,https://aerox.nl,False
31020981,https://www.heinenhopman.com,False
31021363,https://www.informatiegids-nederland.nl,False
31022907,https://www.elmatechnology.com,False
31024364,https://www.yokogawa.com,False
31025962,https://auren.com/nl/en/contact/,True
31026236,https://inbo.com,False
31027478,https://pobbaarn.nl/bedrijf/chemelco-international-bv/,False
31028649,https://www.deridder.nl,False
31029240,https://www.tsc-life.com,False
31030145,https://www.liebherr.com,False
31032306,https://www.werkenbijqualogy.com,False
31033154,https://advisie.nl,False
31035323,https://qps.nl,False
31039479,https://debanensite.nl,False
31040577,https://www.extron.com,False
31043048,http://www.desyde.nl,False
31044345,https://legacy.zoll.com,False
31045560,https://rhosonics.com,False
31045618,https://www.akerveld.nl,False
31047845,https://www.formorrow.nl,False
31047854,https://technicum-engineering.nl,False
31048963,https://www.bestsellernederland.nl/careers,True
31050053,https://www.infinite.nl,False
31050275,https://www.ratio.nl,False
32022621,https://www.rnw.media,False
32028941,https://www.macdermidalpha.com/assembly-solutions/locations/naarden-netherlands,True
32029274,https://www.chrysal.com/nl/neem-contact-op,False
32029918,https://www.sandoz.nl,False
32033463,https://www.werkenbijgooilandelektro.nl,False
32034471,https://www.suntestsystems.com,False
32037558,https://www.smitzoon.com,False
32039960,https://www.tradinorganic.com,False
32040528,https://www.elevate.nl,False
32043244,https://www.sas.com,False
32044630,https://morimurabros.com,False
32045194,https://www.usoft.com,False
32045469,https://jobs.kraton.com,False
32057374,https://www.tp-industrial.com,False
32059693,https://werkenbij.vxcompany.com,False
32060680,https://www.bionity.com/en/companies/15295/bac-b-v.html,True
32062041,https://zijtveld.com,False
32063228,https://nl.emglive.com,False
32065027,https://www.karresenbrands.com,False
32065886,https://www.smurfitkappa.com,False
32070030,https://www.eom.nl,False
32070382,https://www.houseofbeta.nl,False
32073161,https://cadran-analytics.nl/en/contact/,False
32073686,https://www.playfountain.com,False
32073867,https://www.nouryon.com,False
32074547,https://www.waterlandpe.com,False
32078120,https://www.autoyas.com,False
32078413,https://www.quintus.nl,False
32079353,https://www.manh.com,False
32082259,https://www.traxion.com,False
32083680,https://www.swydo.com,False
32084750,https://www.hositrad.com,False
32085693,https://sinot.com,False
32088174,https://www.pentatonemusic.com,False
32091040,https://www.conclusion.nl/werken-bij/conclusion-ecosysteem,False
32092471,https://www.imoss.nl,False
32093604,https://account4bv.com,False
32095982,https://www.aupair4all.nl/en/page/vacancies,True
32096051,https://debanensite.nl/vacatures/aimvalley,True
32096543,https://www.euroceptpharma.com,False
32097068,https://werkenbijvismaraet.nl,False
32097935,https://www.vamed.nl,False
32099599,https://www.marketing-communicatie-vacatures.nl,False
32101298,https://wittenburggroup.com,False
32102575,https://xebia.com,False
32102633,https://tenbraswestinga.nl,False
32102790,https://goodwell.nl,False
32102827,https://fairbanks.nl,False
32104230,https://www.artsenzorg.nl/contact,True
32105517,https://www.meerwijkhrmensalaris.nl,False
32105543,https://www.stiphilversum.nl,False
32106184,https://www.pegamento.nl,False
32107173,https://www.assetrail.nl/contact/,True
32107881,https://www.sonos.com,False
32108345,https://www.choiceforyouth.org,False
32108687,https://heeyoo.nl/contact/,False
32111065,https://castornetworks.com/about-castor/contact,False
32114531,https://www.nec.com,False
32115550,https://careers.appliedmedical.com/careers-home,True
32115766,https://ipublications.nl,False
32116875,https://www.palladyne.com,False
32117532,https://maxdoro.nl,False
32117799,https://kza.nl,False
32118148,https://www.dpa.nl,False
32120554,https://echo-pharma.com,False
32125027,https://www.ansynth.com,False
32126735,https://www.forzaconsulting.eu,False
32126939,https://www.powerforjobs.nl,False
32127136,https://alltrackmedical.nl,False
32128003,https://valcon.com,False
32128663,https://www.ventolines.nl,False
32130659,https://cervogroup.com/en/contact/,False
32130742,https://castormarine.com/contact/,False
32131668,https://www.gembird.com,False
32137246,https://ritsbv.com,False
32137279,https://www.elements.nl,False
32137355,https://myjvm.eu,False
32137884,https://itvstudios.nl,False
32141275,https://www.abc-professionals.nl,False
32141387,https://www.csmartalmere.com/,False
32142809,https://www.oreon-led.com,False
32143103,https://www.gerwil.com,False
32143782,https://www.tseportal.nl,False
32143948,https://www.agricopotatoes.com/nl/werken-bij,True
32144948,https://www.futurewhiz.com,False
32149105,https://www.computers1000.com,False
32151766,https://www.werkenbijarla.nl/contact/,True
32156484,https://www.levitech.nl,False
32157662,https://www.agiboo.com,False
32160245,https://www.newforesight.com,False
32164165,https://www.unive.nl,False
32168888,https://www.colect.io/careers,True
32171669,https://vlastuincdi.com,False
33003396,http://www.werkenbijdnb.nl,False
33005457,https://www.novagraaf.com,False
33006516,https://www.eigenhaard.nl,False
33014909,https://cac.mercedes-benz.com,False
33020671,https://ogilvy.nl,False
33028761,https://www.hitma.nl,False
33030098,https://www.taxameter.nl,False
33037079,https://meelunie.com,False
33054904,https://www.bunzl.nl/contact,False
33057851,https://bnl.altradservices.com/nl/careers-altrad.html,True
33066198,https://omfvanacker.nl,False
33076048,https://www.otisnederland.nl,False
33092182,https://spar-international.com,False
33107232,https://www.hospitalityonline.com,False
33108838,https://www.heidelberg.com,False
33109151,https://debanensite.nl,False
33121367,https://vacatures.stepstone.nl,False
33121397,https://newmonday.nl/,True
33121947,https://www.okurajobs.nl,False
33122074,https://www.hotelprofessionals.nl,False
33123790,https://www.eggerding.com,False
33125236,https://www.audio-technica.com/nl-nl/contact/,True
33132501,https://www.mufgemea.com,False
33133832,https://www.meijburg.nl,False
33134494,https://upg-cd-we.kantar.com,False
33134870,https://bedrijven.com,False
33136004,https://www.cgi.com/en/about-us/locations,False
33138252,https://www.mizuhogroup.com,False
33138744,https://manpowergroup.nl,False
33139782,https://jobs.eastman.com,False
33142697,https://manpowergroup.nl,False
33144784,https://www.mulberry.nl,False
33145098,https://tosoheurope.com,False
33154028,https://werkenbij.ballast-nedam.nl/,True
33156339,https://www.schueco.com,False
33158429,https://careers.hpe.com,False
33158992,https://www.elsevier.com,False
33160461,https://nederland.bossard.com,False
33161897,https://www.citco.com/contact,False
33162223,https://magnet.me/legal/nl/terms-of-service.html,True
33163141,https://www.screeneurope.com/contact/,False
33163887,https://www.ecem.com,False
33165882,https://www.smc.eu,False
33166283,https://www.koh-i-noor-restaurant.nl,False
33170795,https://www.postoffice.nl,False
33170864,https://www.stibbe.com,False
33172526,https://hillknowlton.nl,False
33173279,https://werkenbijdetelevisie.nl,False
33173751,https://www.ingkacentres.com,False
33175669,https://hightechnl.app.clustersupport.eu,False
33178197,https://www.tip-group.com,False
33179023,https://www.yokogawa.com,False
33180131,https://vangoolelburg.com,False
33180420,https://www.cordonbleu.edu,False
33180723,https://www.royalcoster.com,False
33181420,https://www.ushio.eu,False
33182507,https://www.stantonchase.com,False
33185213,https://www.kit.nl,False
33185291,https://www.citco.com/contact,False
33186961,https://optiver.com,False
33187036,https://fda.nl,False
33187418,https://www.9altitudes.com,False
33188037,https://www.cafereynders.nl,False
33190041,https://www.nielsen.com,False
33193274,https://www.astellas.com/nl/contact-us,True
33194984,https://toyotamotorfinance.com,False
33195747,https://www.bierenco.nl/contact/,True
33200496,https://www.pon-cat.com,False
33203777,https://www.wincloveprobiotics.com,False
33205112,https://www.citco.com/contact,False
33205941,https://hermankuijper.com,False
33208187,https://www.tbwa.nl,False
33209507,https://career.vandenbosch.com,False
33211110,https://onedyas.com,False
33211411,https://jobs.bosmanvanzaal.com/,True
33212299,https://www.imc.com,False
33214370,https://cm.jeffersonwells.nl,False
33214819,https://www.jobsonline.nl,False
33215466,https://www.epson.eu,False
33216172,https://www.randstad.com,False
33216470,https://kewpie-europe.com,False
33217959,https://www.werkenbijkoopmaninternational.com,False
33218505,https://www.sra-europe.com,False
33223035,https://srs.nl,False
33223242,https://careers.takii.eu,False
33224538,https://www.intralox.com,False
33225009,https://careers.garantibank.eu,False
33227028,https://www.hyland.com,False
33227221,https://www.yelu.nl,False
33228408,https://wavemakerglobal.com,False
33230134,https://www.eurocommercialproperties.com,False
33230429,https://join.keesingtechnologies.com,False
33234902,https://aderansbenelux.com,False
33234926,https://www.ibiden.com,False
33235204,https://markets.wmf-coffeemachines.com,False
33235625,https://ntv-e.com,False
33235784,https://debanensite.nl/vacatures/bnp-paribas-personal-finance-bv,True
33236408,https://www.dimensio.nl,False
33236877,https://debanensite.nl,False
33237377,https://www.sierrainstruments.nl,False
33237870,https://www.mijksenaar.com,False
33238845,https://hoshizaki-europe.com,False
33241208,https://www.yokogawa.com,False
33245263,https://www.hotelprofessionals.nl,False
33245412,https://eu.jvckenwood.com,False
33245987,https://www.cffcommunications.nl/contact/,False
33247112,https://www.unstudio.com,False
33247719,https://www.yacht.nl,False
33247795,https://www.fossilgroup.com,False
33248489,https://www.airtrade.com/contact,True
33248757,https://www.ohv.nl,False
33250246,https://www.polpharmagroup.com,False
33252019,https://www.apadmi.com,False
33255367,https://debanensite.nl,False
33255722,https://www.xparvision.com,False
33256041,https://www.lmwindpower.com,False
33256675,https://www.crediteuropebank.com/about-us/our-offices/,False
33257455,https://www.werkenbijchubb.nl/contact-met-chubb,False
33258526,https://www.offthefence.com,False
33260875,https://www.fpc-pack.com,False
33263803,https://iqeq.com,False
33264480,https://www.bsur.com/#contact,False
33264526,https://crestec.eu/#contact,False
33264839,https://mkkeurope.com,False
33266178,https://www.santenco.nl/contact/,False
33266688,https://www.lintec-europe.com,False
33267274,https://vaneeghen.com,False
33267461,https://www.ef.com,False
33267823,https://www.werkenbij123inkt.nl,False
33268804,https://closecontact.nl/,False
33269431,https://teameiffel.nl/en/company/balance,True
33270221,https://www.fgstijl.com,False
33270740,https://www.randstadenterprise.com,False
33271637,https://www.shenzhou.com/,False
33273224,https://www.innopay.com,False
33273995,https://www.fysioanders.com,False
33274459,https://logisnext.eu,False
33274884,https://searaprofessional.com,False
33274940,https://vostalmg.com,False
33275434,https://www.proface.com,False
33276372,https://group.hugoboss.com,False
33277208,https://undutchables.nl,False
33277773,https://www.dixstone.com,False
33277877,https://www.heidrick.com,False
33278604,https://www.lismar.com,False
33278683,https://www.yakulteurope.com,False
33280572,https://rothwell.nl,False
33281311,https://www.clevr.com/locations,False
33282028,https://amazingoriental.com/Location/hoofdkantoor-amazing-oriental-hoofddorp-inkopen/,False
33282707,https://basenet.com/contact,True
33282727,https://www.europages.nl,False
33282975,https://jobs.digital.orange-business.com,False
33283070,https://www.rau.eu,False
33284086,https://www.airlineofficemap.com/china-southern-airlines/amsterdam-office/,False
33284572,https://www.v-s-e.nl,False
33285532,https://www.indie-amsterdam.com,False
33286867,https://raith-gmbh.jobs.personio.de,False
33287824,https://jobs.teleperformance.nl,False
33290101,https://www.guidodegroot.com,False
33291946,https://cmm.nl,False
33292632,https://www.moneyview.nl,False
33293056,https://werk.onbeperktaandeslag.nl,False
33293113,https://www.hollandslichtproducties.nl,False
33293945,https://www.hotelprofessionals.nl,False
33296258,https://www.careers.nashsquared.nl,False
33296421,https://massivemusic.com,False
33296586,https://reframingstudio.com,False
33297966,https://ostrica.nl,False
33298018,https://www.accentgroupe.com,False
33298093,https://www.forrester.com,False
33298456,https://www.lei-lookup.com/record/549300XPHFT4B80RWU67/,False
33298857,https://www.youngcapital.nl,False
33299075,https://esomar.org,False
33300166,https://www.amsterdambusinessstaffing.com/contact/,False
33300601,https://ruwer.nl,False
33300776,https://www.liteon.com,False
33301537,https://www.scm.com,False
33302272,https://www.imperial-tobacco-joure.nl,False
33302453,https://werkenbij.ajax.nl,False
33302833,https://www.tbwa.nl,False
33303421,https://group.hugoboss.com,False
33304225,https://www.envipco.com,False
33304386,https://www.statkraft.nl,False
33304666,https://www.nska.nl,False
33305817,http://mont-blanc.ae,False
34016881,https://www.teva.nl,False
34022079,https://jobs.nelson.nl,False
34023348,https://www.fluor.com,False
34033500,https://www.edilonsedra.com,False
34035332,https://www.werkenbijkvernelandgroup.nl,False
34035387,https://www.takeda.com,False
34036439,https://debanensite.nl,False
34040331,https://www.tatasteel.com,False
34045923,https://www.subaru.nl,False
34049105,https://www.hal-allergy.com,False
34049433,https://elektriciensgids.nl/zwammerdam/drk-elektrotechniek-b-v/,True
34053090,https://mylaps.com,False
34061322,https://www.floricultura.com,False
34062048,https://www.werkenbijsteboma.nl,False
34062952,https://iro.nl,False
34063429,https://oz-hami.nl,False
34063431,https://www.aeodirectory.com,False
34064719,https://www.hal-allergy.com,False
34064864,https://www.neeskens.nl,False
34065005,https://werkenbijhoogesteger.inhroffice.com,False
34068873,https://www.beckhoff.com/nl-nl/company/job-opportunities/,True
34069070,https://www.nkkk.or.jp,False
34069864,https://www.mtc.nl,False
34070221,https://careers.kyoceradocumentsolutions.eu,False
34071515,https://www.lanserstrio.nl,False
34071957,https://www.hh-express.com,False
34072007,https://www.pwn.nl,False
34073103,https://www.trsstaffing.com,False
34073465,https://www.fleurametz.com,False
34076559,https://cdn.iiyama.com,False
34079535,https://www.danieli-corus.com/contacts,False
34081570,https://www.afvalzorg.nl,False
34081607,https://www.sdworx.jobs,False
34082317,https://www.compass-group.nl/eurestfood/,False
34082857,https://flytxt.com,False
34083341,https://www.tatasteelnederland.com,False
34083605,https://www.sopheon.com,False
34084613,https://careers.yamaha-motor.eu,False
34084966,https://www.nordicpharma.com,False
34087728,https://www.pfizer.nl,False
34087992,https://www.werkenbijexpeditors.nl,False
34088044,https://www.bluewater.com/media-contacts/office-locations/,True
34090081,https://www.werkenbijkitchen.nl,False
34092319,https://globalsew.com,False
34092638,https://www.evaair.com,False
34092761,https://www.asics.com/nl/nl-nl/customer-service/terms/terms.html,True
34093616,https://www.selmers.com,False
34094299,https://www.tatasteelnederland.com,False
34097674,https://ipspowerfulpeople.com,False
34097962,https://www.poort80.nl,False
34101316,https://www.ats-global.com/nl/contact-us/,True
34102528,https://www.ctac.nl/contact/,False
34104313,https://www.werkenbijkvernelandgroup.nl,False
34104629,http://macaw.nl,False
34104688,https://dimerco.com,False
34104715,https://www.werkenbijzig.nl/contact/,False
34106059,https://careers.mphasis.com,False
34106135,https://nl.havas.com,False
34106574,https://manpowergroup.nl,False
34107839,https://www.dreso.com,False
34107894,https://peophotonics.com,False
34108169,https://www.wpp.com,False
34108588,https://pensioenadviseurnederland.nl,False
34109067,https://www.axia-power.com/about/office.html,True
34110182,https://www.stage-entertainment.com,False
34111070,https://careers.dyson.com,False
34111646,https://www.intervracht.nl,False
34112329,https://www.lannerinc.com/contact/offices,True
34112514,https://www.strik-law.nl,False
34112710,https://www.koole.eu,False
34112755,https://www.suntorybeverageandfood-europe.com,False
34113137,https://www.issa.nl,False
34115110,https://progress-lifesciences.nl,False
34115797,https://www.sealevel.nl,False
34116509,https://awa-bv.com/,True
34117387,https://www.independer.nl,False
34117808,https://unsworth-associates.com,False
34117849,https://180global.com,False
34118003,https://debanensite.nl,False
34119841,https://www.gelita.com,False
34123218,https://www.rijksakademie.nl,False
34123402,https://www.shinetsu.nl,False
34123443,https://www.sita.aero,False
34124277,https://inhope.org,False
34124660,https://www.komfly.com,False
34126374,https://www.gemeentegids-nederland.nl,False
34126832,https://www.youweagency.nl,False
34127514,https://praktijkwebsite.uwpraktijkonline.nl,False
34127518,https://www.corning.com/worldwide/en/contact-us.html#corp-comm,False
34128125,https://interxion-karriere.de,False
34128263,https://www.sqli.com,False
34128662,https://www.asap.nl/address-and-contact-persons/,True
34128666,https://www.ams-ix.net/ams/contact-us,True
34129493,https://www.copernica.com/nl/aboutus/jobs,False
34130500,https://www.temenos.com,False
34130522,https://www.turnerandtownsend.com,False
34130993,https://careers.one.com,False
34131108,https://www.true.nl,False
34131989,https://thinkubik.com,False
34133013,https://www.softwareimprovementgroup.com,False
34134377,https://careers.eurofiber.com,False
34134682,https://www.woodwing.com,False
34135974,https://www.hotelprofessionals.nl/werken-bij/choice-hotels-emea,False
34138132,https://publicisgroupe.nl,False
34138431,https://www.avanade.com/en-nl/office-locations,True
34139006,https://www.morningstar.com,False
34139083,https://javra.com,False
34139221,https://unga.nl,False
34139585,https://telemagic.nl,False
34139835,https://jobs.vydraulics.com,False
34140161,https://www.pallasreactor.com,False
34140607,https://www.kawasaki.nl,False
34140623,https://www.ams-sourcing.com/contact/route/,True
34140994,https://www.railtechbv.nl,False
34141001,https://p60.nl,False
34141098,https://fairfood.org,False
34142150,https://www.fujitrans-europe.com,False
34143155,https://www.robertwalters.nl,False
34143486,https://www.datacenters.com,False
34143988,https://www.arup.com/contact-us/netherlands/,True
34147143,https://curado.cw/#contact,False
34148630,https://careers.basware.com/,True
34149259,https://www.pluspetrol.net,False
34150071,https://advocatuurnederland.nl,False
34150521,https://www.nmbrs.com,False
34151082,https://www.pharmaccess.org,False
34151114,https://vicarvision.nl,False
34151373,https://www.showagroup.com,False
34151446,https://chiropractie-kennemerland.nl/contact/,False
34153533,https://www.elemica.com,False
34153861,https://www.werkenbijkpmg.nl,False
34153909,https://www.akamai.com/company/locations,True
34156440,https://reunionventures.com,False
34157357,https://www.liftinstituut.nl,False
34157947,https://sglsystem.com,False
34158044,https://www.jlg.com,False
34158425,https://careers.easyparkgroup.com,False
34158909,https://www.infosys.com,False
34159173,https://apexmed.eu/#contacts,True
34159275,https://www.rainforest-alliance.org,False
34160157,https://ts.eu,False
34161319,https://www.ef.com,False
34162208,https://werkenbij.prokino.nl,False
34162643,https://www.epicos.com,False
34163035,https://www.chiesi.nl/contact/,False
34164199,https://www.powerforjobs.nl,False
34166529,https://mindwize.nl,False
34167591,https://www.werkenbijkvernelandgroup.nl,False
34168993,https://www.libertyglobal.com,False
34169234,https://linx-it.com,False
34169301,https://inrecruitingfr.intervieweb.it,False
34170033,https://www.theobroma-cacao.de,False
34170535,https://pearldrum.com,False
34170567,https://www.apple-inn.nl/nl/careers/,True
34172906,https://www.dpgmediagroup.com,False
34174108,https://trifork.com,False
34174646,https://www.bakkerijvanvessem.nl,False
34175039,https://www.curvature.com/contact-us/,False
34175709,https://www.handelsbanken.nl,False
34176957,https://www.globalreporting.org,False
34177144,https://www.true-sale-international.de,False
34178233,https://www.pagepersonnel.nl,False
34178341,https://careers.nielenschuman.com,False
34178762,https://www.inrev.org,False
34180289,https://www.strategyand.pwc.com,False
34180506,https://www.bouwinvest.com/about-us/contact/,True
34181531,https://www.fermacell.nl,False
34183315,https://boercroon.nl/contact,True
34184256,https://www.chrobinson.com/en-us/contact/find-an-office/,False
34185452,https://agendia.com,False
34185938,https://accesstomedicinefoundation.org,False
34186479,https://werkenbijyellowtail.nl,False
34186621,https://www.mediabuyingsystems.com,False
34186801,https://tpa-global.com,False
34188681,https://www.waterstudio.nl,False
34189014,https://www.talentmark.com,False
34189949,https://www.guerrilla-games.com,False
34189953,https://www.murship.com,False
34189974,https://www.kardan.nl,False
34192528,https://www.kidsrights.org,False
34193265,https://troodosbv.nl,False
34193380,https://werkenbijdehora.nl,False
34194247,https://adsysco.nl,False
34195553,https://www.flinndal.nl,False
34196753,https://www.hirose.com,False
34196827,https://www.aramex.com/nl/en/career-opportunities,True
34197614,https://hoshizaki-europe.com,False
34199007,https://ewtdirectwind.com,False
34199214,https://ckdeu.info/sales-office-branch-in-europe/,False
34199342,https://www.vandoorne.com,False
34199422,https://www.yelp.com,False
34199445,https://mybrand.nl,False
34199467,https://www.verizonconnect.com,False
34199722,https://www.realworks.nl,False
34201011,https://fres.nl,False
34201104,https://www.anthosam.com/nl,True
34201965,https://jobs.ibood.com,False
34202817,https://dmissielectro.nl,False
34203187,https://www.dgr-cbt.com,False
34203365,https://www.edenhotels.nl,False
34204804,https://jobs.mrcholland.com,False
34206129,https://www.fsq.nl,False
34206371,https://www.etm2004.com,False
34207115,https://www.rainarai.nl,False
34207265,https://www.fontaneljobs.com,False
34207878,https://www.dlapiper.com,False
34208153,https://www.munksgaard.nl,False
34208762,https://www.murata.com,False
34208804,https://www.bakermckenzie.com/en/locations/emea/netherlands,True
34209061,https://www.jobbird.com,False
34209199,https://thedataagency.nl,False
34209714,https://www.asperion.nl/,True
34210313,https://odinwarehousing.com,False
34211513,https://www.olympischstadion.nl,False
34213160,https://www.comronusedfreezers.com/NL/Vacatures,False
34213609,https://www.butterflyworks.org,False
34213702,https://www.sucden.com,False
34214161,https://lowland.com,False
34215054,https://www.hva.nl,False
34215606,https://www.nvgct.nl,False
34215694,https://www.sanomalearning.com,False
34215743,https://jobs.rijnboutt.nl,False
34216182,https://www.houthoff.com,False
34216197,https://group.hugoboss.com,False
34216924,https://www.twofishglobal.com,False
34217136,https://www.medspace.com,False
34219057,https://venhoevencs.nl,False
34219654,https://cevinio.com/contact/,False
34219858,https://www.huawei.com,False
34219983,https://ddbamsterdam.nl,False
34220186,https://www.tatacommunications-ts.com,False
34220472,https://career.dentsunetherlands.nl,False
34220951,https://www.jobsonline.nl,False
34221210,https://debanensite.nl,False
34221303,https://www.fairplayengineering.nl,False
34221832,https://recolo.nl,False
34222303,https://www.heussen-law.nl,False
34222312,https://www.axians.nl,False
34222467,https://www.i-sec.com,False
34223562,https://www.exter.com,False
34223866,https://www.turner-ecs.com,False
34224065,https://meetcpi.com/over-cpi/vacatures/,False
34226397,https://www.expereo.com,False
34226401,https://www.arthurslegal.com/contact/,True
34226533,https://careers.emspay.eu,False
34228397,https://enable-u.nl,False
34229026,https://aflatoun.org,False
34230367,https://www.akwaabazorg.nl,False
34230558,https://www.protiviti.com,False
34231791,https://dezwijger.nl,False
34231952,https://www.master-solutions.nl,False
34233511,https://hexaware.com,False
34233879,https://www.marvell.com,False
34233942,https://www.ag5.com,False
34235335,https://www.guidion.com,False
34235932,https://www.visualsonics.com,False
34236213,https://www.parkcentraal.com,False
34236288,https://www.iplussolutions.org,False
34237068,https://www.seeburger.com,False
34237352,https://careers.underarmour.com,False
34239051,https://www.qlik.com,False
34239060,https://www.anadolubank.nl/anadolubank/contact-ons,True
34239131,https://drimble.nl,False
34239916,https://nlmtd.com/werken-bij/,True
34240044,https://www.picasse.nl,False
34241521,https://www.timewax.com,False
34242436,https://jobs.funda.nl,False
34243027,https://www.sensata.com,False
34243234,https://www.olxgroup.com,False
34243328,https://www.inderegioamsterdam.nl,False
34243945,https://makmendemedia.com,False
34244282,https://www.emakina.com,False
34245954,https://drillster.com,False
34246230,https://www.maruha-nichiro.com,False
34246510,https://www.meanwell.eu,False
34246766,https://www.2checkout.com,False
34247670,https://www.birlasoft.com/contact-us,True
34247825,https://www.crystalloids.com/contact,False
34248256,https://triplejump.eu,False
34248933,https://www.menicon.nl,False
34249159,https://www.awin.com/nl/contact,True
34249209,https://tda.aero,False
34250659,https://bcp-nv.com/contact-us/,True
34250730,https://www.fictionvalley.nl,False
34251476,https://www.transperfect.com,False
34251536,https://www.aircargo.nl/contact,True
34251664,https://www.alloptions.nl/contact/,True
34251771,https://www.aaa-riskfinance.nl,False
34253044,https://www.mts-banen.nl,False
34253246,https://www.lynx.nl,False
34253650,https://warburgpincus.com,False
34254009,https://spotzerdigital.com,False
34254182,https://www.planetromeofoundation.org,False
34254316,https://munro-tailoring.com,False
34254566,https://careers.sparkoptimus.com,False
34254662,https://teamacademy.nl,False
34254987,https://www.kyokuyo-eu.com,False
34255148,https://www.tatasteelnederland.com,False
34255756,https://www.accountant.nl,False
34256051,https://chinacarbonfund.com/?page_id=72,False
34256224,https://www.uranium1.com,False
34257057,https://www.the-aupair.nl/nl/,True
34258108,https://www.anthosam.com/contact,True
34258209,https://deblokkenhut.nl,False
34258514,https://www.photonfirst.com,False
34258589,https://www.aditech.nl,False
34259168,https://www.lighthouseip.com,False
34259185,https://www.vision-today.com,False
34259986,https://agcce.com,False
34260940,https://www.facsglobal.com,False
34262058,https://www.aighd.org,False
34262200,https://www.lindsay.com,False
34262991,https://web.meetingselect.com,False
34263673,https://about.poki.com,False
34263969,https://www.jobsonline.nl,False
34264483,https://www.e2mtechnologies.eu,False
34266401,https://codedazur.com/who-we-are,False
34266634,https://www.leadmachine.eu,False
34266755,https://www.ifhafund.com,False
34267301,https://www.staan.nl,False
34267612,http://womenwin.org,False
34267759,https://www.werkenbijricoh.nl,False
34267973,https://www.berryworld.com/nl/werken-bij,True
34268194,https://fiks.nl/en/careers-at/cboe-clear/,False
34268540,https://www.stepstone.nl,False
34268980,https://www.werkenbijricoh.nl,False
34269697,https://www.uibt.com,False
34270649,https://www.sgiaviation.com,False
34270847,https://www.nanomi.com,False
34270859,https://www.gerimedica.nl,False
34273978,https://stxgroup.com,False
34274781,https://www.foxglobal.nl,False
34275365,https://www.uniqure.com,False
34275840,https://www.iptp.net,False
34275994,https://result.nl,False
34276159,https://www.teksystems.com,False
34276249,https://www.addition.nu,False
34276327,https://www.rackspace.com,False
34277369,https://www.hyva.com,False
34280223,https://www.mindray.com,False
34280497,https://www.allardarchitecture.com/,True
34281419,https://www.elementis.com,False
34281987,https://www.tcxfund.com,False
34283848,https://www.beautify.nl,False
34285329,https://floritec.eu,False
34285744,https://www.considerati.com/about-us/,False
34287134,https://www.takenaka.eu,False
34288609,https://www.realestate.bnpparibas.nl/about-us/contact,True
34288783,https://www.high-quality.nl,False
34288937,https://www.top-employers.com/nl/contact/,False
34289047,https://c-job.com/contact-us/,False
34290107,https://heartforhealth.com,False
34291914,https://jobs.architecture.com,False
34292236,https://self-screen.nl,False
34292344,https://www.jtcgroup.com,False
34294935,https://www.kardan.nl,False
34295254,https://goodup.com,False
34296377,https://www.hpegrowth.com,False
34298299,https://www.lifecellventures.com,False
34298595,https://kclegal.nl,False
34299265,https://tojapan.nl,False
34299379,https://www.hcareers.com,False
34299472,https://rapidcircle.com,False
34301195,https://www.optimizely.com,False
34301198,https://www.pulsecath.com,False
34301519,https://www.rodelta.com,False
34301840,https://www.pega.com,False
34301971,https://www.guc-asic.com,False
34302429,https://www.canfieldsci.com/contact/,False
34302840,https://museum-id.com,False
34303161,https://www.legadex.com,False
34303902,https://www.dsla.nl,False
34305107,https://eu.dnpribbons.com,False
34307608,https://www.ikeuchi.nl,False
34307628,https://www.control-care.com/careers/,False
34308967,https://www.employor.com,False
34309913,https://www.kyos.com,False
34311220,https://northernlight.nl,False
34311430,https://valerycapital.com,False
34311486,https://www.mercuryeng.com,False
34311690,https://www.mistergreen.nl,False
34311985,https://www.mir.nl,False
34312659,https://banninkab.nl/contact/,True
34314368,https://debanensite.nl,False
34314877,https://jobs.basic-fit.com/en-nl/cookiestatement,True
34315778,https://alleset.com,False
34319200,https://korthtielens.nl,False
34319475,https://lemariagedelouise.be,False
34319498,https://benelux.rwe.com,False
34323979,https://wenneker.amsterdam,False
34325188,https://godavaribiorefineries.com,False
34328553,https://www.heatteq.com,False
34329305,https://redcarpet.careers,False
34330745,https://vmxarchitects.nl,False
34331176,https://www.blueumbrella.nl/contact,True
34331885,https://www.overstappen.nl,False
34332986,https://www.angelogordon.com/contact/,True
34336591,https://www.pivotpark.com/contact/,True
34336601,https://www.crystallizationsystems.com,False
34338211,https://www.integra-groep.com,False
34340584,https://www.everaert.nl,False
34341674,https://www.diaconie.org,False
34342083,https://www.fontaneljobs.com,False
34342390,https://neuf.amsterdam,False
34343219,https://ttopstart.com,False
34345101,https://www.skyteam.com,False
34348645,https://www.medicalcreditfund.org,False
34348954,https://www.vlugp.nl,False
34352309,https://debanensite.nl,False
34354124,https://green-giraffe.com,False
34355195,https://tennor.com,False
34355772,https://infodation.com,False
34355881,https://advalley.io,False
34356267,https://www.concur.com/en-us/contact/offices,False
34357130,https://www.home.saxo,False
34357920,https://www.facsglobal.com,False
34359062,https://www.hikvision.com,False
34359094,https://craneww.is-recruiting.com/nl/contact,False
34362284,https://www.sia-partners.com,False
34362606,https://boomerangagency.com/,True
34363924,https://durumcompany.com,False
34367085,https://www.saga-interproject.nl,False
34367130,https://www.linklaters.com,False
34368197,https://netherlands.freshfieldscareers.com,False
34368587,https://www.jhvphaedrus.nl/partners/profielen/a-o-shearman,True
34368707,https://advidi.com/contact/,True
34369688,https://www.tandarts.nl,False
34370799,https://www.gtlaw.com,False
34370991,https://architectenbureaus.nu,False
34371429,https://www.macaw.nl,False
34371519,https://liugong-europe.com,False
34371628,https://www.nortonrosefulbright.com,False
34371737,https://vanelburgnotte.com,False
34373720,https://i2i.eu,False
34376066,https://www.informatiegids-nederland.nl/bedrijf/bright-computing,False
34376291,https://westerdok.nl,False
34376867,https://www.londenholland.nl,False
34377452,https://www.zilverline.com,False
34377454,https://starknarrative.com,False
34380182,https://www.egi.eu,False
34381964,https://www.impalastudios.com,False
34384935,https://www.stateoftomorrow.agency,False
34385150,https://xrds.nl/home-2024/,False
34385590,https://www.thomas-thor.com,False
34387344,https://varrlyn.com,False
34389173,https://naturelwest.eu,False
34389218,https://inmarket.nl,False
34392050,https://www.verimatrix.com,False
34393125,https://bracinternational.org/,True
35000233,https://www.forbo.com,False
35000477,https://www.koninklijkeverkade.nl,False
35010541,https://www.genpact.com,False
35011263,https://jobs.bunge.com/job/Wormerveer-E&I-Technicus-NH-1521-AZ/1015476301/,False
35012547,https://www.aak.com,False
35014624,https://www.tateandlyle.com,False
35015408,https://www.stepstone.nl/cmp/en/Bruker-Nederland-B-V-50236/this-company.html,False
35017841,https://pietboon.com,False
35023642,https://www.koike-asia.com,False
35024273,https://www.imprima.com,False
35026025,https://daarnhouwer.com/careers-at-daarnhouwer/,False
35026479,https://www.simex-transport.com,False
35028509,https://solit.nl,False
36008213,https://hobre.com,False
36009535,https://www.seedprocessing.com,False
36013285,https://kalkhuis.nl,False
36013690,https://www.renolit.com,False
36014431,https://werkenbijplukon.nl,False
36018756,https://www.incotec.com,False
36034879,https://www.kras-recycling.com,False
36034974,https://www.enzazaden.com,False
36039605,https://www.rossenseeds.com,False
36040044,https://nsi.nl,False
36041158,https://joz.nl,False
36041777,https://lebrun.nl,False
36046107,https://www.dezwaluw.com,False
36053333,https://www.seedvalley.nl,False
37000830,https://shop.hollandbulbmarket.nl,False
37008098,https://www.bakkerbrothers.com,False
37013289,https://eriks.com,False
37028754,https://vezet.onjobs.nl,False
37041368,https://www.driessen-catering.com,False
37046071,https://airblast.com/contact-us/,True
37048509,https://www.werkenbijbejo.nl/contact,True
37052439,https://www.texel.net,False
37053270,https://werkenbijstc.nl,False
37054131,https://www.werkenbijsnelstart.nl,False
37056174,https://www.nittacorporation.com,False
37059323,https://www.maene.nl,False
37059950,https://www.energymi.eu,False
37061676,https://www.eurocollege.nl,False
37072051,https://www.paramelt.com,False
37072585,https://www.ewac.nl,False
37073464,https://www.campingvision.com,False
37077521,https://www.oratraders.com/contact/,False
37079580,https://www.oratraders.com,False
37079728,https://debanensite.nl,False
37081975,https://adver-online.nl,False
37082135,https://www.werkenbijnrg.nl,False
37083070,https://www.werkenbijbejo.nl/contact,True
37085814,https://fastenpackaging.com,False
37086118,https://www.afsenergy.nl,False
37086898,https://openthebox.com,False
37089153,https://nebig.com,False
37089951,https://mpliften.nl,False
37092629,https://www.rgsdevelopment.nl,False
37092698,https://prudac.com,False
37092788,https://schiedam24.nl,False
37095157,https://repasupplies.com,False
37098058,https://www.pdpersoneel.nl,False
37105279,https://www.innometspecials.com,False
37107061,https://adamsrecruitment.com,False
37109050,https://werkenbijvanthekgroep.nl,False
37110466,https://overdie.nl,False
37110522,https://homey.app/nl-nl/contact/,False
37111047,https://ed-projects.com,False
37113769,https://iaa-airfreight.com,False
37114422,https://www.periplus.nl,False
37116112,https://www.enzazaden.com,False
37116114,https://www.vitalisorganic.com,False
37116613,https://sulphurexperts.com,False
37117707,https://www.qservegroup.com,False
37123126,https://www.intal.nl,False
37123711,https://global-c.nl,False
37123814,https://dutch2.com,False
37127571,https://www.linkedin.com,False
37129526,https://koks.com,False
37139906,https://ubecom.nl,False
37140128,https://werkenbij.libra.energy,False
37141751,https://www.rb2.nl,False
37141947,https://www.dutchmarineenergy.com,False
37141955,https://www.emminutritionals.com/nld/nl/contact,True
37144040,https://www.quest-mi.com,False
37144436,https://www.vc4.com,False
37147141,https://www.taus.net,False
37151264,https://www.bluestreamoffshore.com/nl/jouw-carriere/vacatures/,True
37156109,https://www.webbtraders.com,False
37163408,http://heerhugowaarddenoord.nl,False
38006815,https://jobs.triviumpackaging.com,False
38010648,https://vaess.com,False
38016572,https://werkenbijbyk.nl/vacatures/,False
38017479,https://www.goudappel.nl,False
38018161,https://agrovision.com/contact/,True
38020751,https://www.witteveenbos.com,False
38024938,https://www.saxion.nl,False
38024969,https://vanremmen.nl,False
39032486,https://www.megaman.nl,False
39037364,https://alfen.com/en-nl/contact,True
39037382,https://travelcard.nl,False
39042936,https://www.giant-bicycles.com,False
39047752,https://www.turbocharger.mtee.eu,False
39050843,https://www.giken.eu,False
39051693,http://www.opure.nl,True
39055241,https://www.wittur.com,False
39059013,https://www.victronenergy.nl,False
39060888,https://www.securit.nl,False
39061153,https://www.neo.nl,False
39061920,https://werkenbijsummit.nl,False
39062535,https://www.giant-bicycles.com,False
39064077,https://www.bf-as.nl/contact,True
39066013,https://rgfstaffing.nl,False
39067696,https://tamek.nl,False
39069280,https://aisflightacademy.com/nl/vacature-head-of-training,True
39072086,https://www.acp-nl.com,False
39073684,https://www.jobsonline.nl/bedrijfspresentatie/daisycon-b-v-/,False
39074598,https://www.noordzeeinternational.com,False
39074846,https://www.victronenergy.nl,False
39075117,https://www.traffic-builders.com,False
39079721,https://www.werkenbijkok.nl,False
39084611,https://otcorganics.com,False
39084661,https://devon.nl,False
39084732,https://schothorst.nl,False
39085028,https://noffoods.nl,False
39087077,https://www.allinq.com/en/contact/,True
39090057,https://seafoodconnection.nl,False
39091093,https://www.almerezaken.nl,False
39091840,https://globalcareers.lge.com,False
39092487,https://msvision.com,False
39093032,https://www.jobsonline.nl,False
39094122,https://www.swydo.com,False
39095772,https://www.marimecs.com,False
39096214,https://www.publitas.com,False
39097142,https://www.biosynth.com/careers/sites/lelystad,True
39099457,https://www.sierehandel.nl,False
40324154,https://develsteincollege.nl,False
40342087,https://melanchthon.nl,False
40342383,https://www.atletiekunie.nl,False
40343019,https://transocean-coatings.com,False
40397271,https://isocarp.org,False
40407191,https://www.ifla.org,False
40407208,https://www.vszh.nl,False
40408702,https://www.gymnasium-sorghvliet.nl,False
40408837,https://www.kncvtbc.org,False
40409055,https://www.tes.com,False
40409074,https://www.iccaworld.org,False
40409790,https://www.kncb.nl,False
40410354,https://www.fipfoundation.org,False
4043678,https://www.dpsupply.com/dp-supply-worldwide/,False
40448326,https://wmda.info,False
40516782,https://rugby.nl,False
40530156,https://coc.nl,False
40530817,https://www.nki.nl,False
40530919,https://www.britams.nl,False
40530953,https://www.amnesty.nl/werken-bij-amnesty,True
40531234,https://www.worldanimalprotection.org,False
40532911,https://rietveldacademie.nl,False
40535155,https://about.geant.org,False
40537096,https://elia-artschools.org,False
40537377,https://fci.nl,False
40594571,https://kenya.mimusjobs.com,False
4060983,https://www.buckaroo.eu/about/vacancies,False
4072573,https://www.betech.nl/en/werken-bij/cnc-programmer/,True
4087570,https://chiropractie-emmen.nl/,False
41000763,https://www.nijsmellinghe.nl,False
41002686,https://www.nhlstenden.com,False
41005122,https://oerol.nl,False
41005127,https://www.bdfriesland.nl,False
41010819,https://www.mediamatic.net,False
41012091,https://werkenbijmartiniziekenhuis.nl,False
41012703,https://www.hanze.nl,False
41020275,https://www.accare.nl,False
41022419,https://youth.europa.eu,False
41023790,https://vacatureplein.zorghartflevoland.nl,False
41023884,https://scopesamenopleiden.nl,False
41025299,https://www.landstedembo.nl,False
41025416,https://werkenbij.deltion.nl,False
41027871,https://carmel.nl,False
41029722,https://werkenbijmst.nl,False
41052188,https://www.che.nl/form/vacature,False
41053607,https://www.candea.nl,False
41055629,https://www.ru.nl,False
41068375,https://www.werkenbijsjg.nl,False
41076035,https://www.artjobs.com,False
41077447,https://ecdpm.org,False
41078390,https://ejc.net,False
41080527,https://www.wfimc.org,False
41087385,https://werkenbij.catharinaziekenhuis.nl,False
41094295,https://www.polymers.eu,False
41097408,https://werkenbij.yonder.nl,False
41098659,https://www.tilburguniversity.edu,False
41102332,https://libreon.nl,False
41113916,https://www.roosevelt.nl,False
41114014,https://www.werkenbijhz.nl,False
41125735,https://www.nordangliaeducation.com,False
41125933,https://www.ihs.nl,False
41126499,https://www.rotterdamsphilharmonisch.nl,False
41126544,https://www.werkenbijikazia.nl,False
41126751,https://www.werkeninderotterdamsezorg.nl,False
41126801,https://www.codarts.nl/over-codarts/werken-bij-codarts/,False
41126815,https://operatiemobilisatie.nl,False
41129558,https://www.rsm.nl,False
41131511,https://www.kunstinstituutmelly.nl,False
41131703,https://werkenbijstc.nl,False
41132150,https://www.rsm.nl/student-services/career-centre/,False
41133881,https://www.onderwijsinstellingen.nl,False
41134158,https://www.greenaward.org,False
41149287,https://www.terredeshommes.nl,False
41150085,https://www.nuffic.nl,False
41150184,https://www.ndt.nl,False
41150185,https://careers.hotelschool.nl,False
41150342,https://hsvdenhaag.nl,False
41150857,https://www.werkenbijrijnlandslyceum.nl,False
41150939,https://www.solidaridad.nl,False
41151233,https://www.werkenbijnrg.nl,False
41151387,https://swov.nl,False
41151952,https://www.ircwash.org,False
41152042,https://wezijntransvaal.nl,False
41152170,https://residentieorkest.nl,False
41152786,https://www.snv.org,False
41153023,https://www.ash.nl,False
41155305,http://fire-smart-landscapes.tropenbos.org,False
41155934,https://www.vso.nl,False
41156013,https://www.kabk.nl,False
41157213,https://vacaturebijdeoverheid.nl,False
41158230,https://www.carenederland.org,False
41158871,https://www.iea.nl,False
41159777,https://werkenbijreinier.nl,False
41160054,https://www.myjob.mu,False
41160229,https://www.pum.nl,False
41160438,https://www.m2i.nl,False
41160449,https://www.werkenbijlaurentius.nl,False
41166638,https://www.webster.nl,False
41167218,https://werkenbij.hsleiden.nl,False
41167480,https://chdr.nl/contact,False
41169395,https://my-mps.com,False
41172933,https://www.waste.nl,False
41177415,https://www.antoniusziekenhuis.nl,False
41177576,https://www.landschappen.nl,False
41177588,https://werkenbij.wwf.nl,False
41178974,https://www.hku.nl,False
41180885,https://www.iucn.nl,False
41181331,https://www.nivel.nl,False
41182028,https://www.uvh.nl,False
41182679,https://www.nhc.nl,False
41187306,https://www.catharijneconvent.nl,False
41192276,https://www.wildeganzen.nl,False
41193594,https://www.idfa.nl,False
41194666,https://muiderslot.nl,False
41194855,https://www.beeldengeluid.nl,False
41197208,https://louisbolk.nl,False
41197411,https://www.ibfd.org,False
41197618,https://www.palga.nl,False
41197650,https://www.deappel.nl,False
41198677,https://hivos.nl,False
41198890,https://www.planinternational.nl,False
41199082,https://www.werkenbijolvg.nl,False
41199478,https://www.teachaway.com,False
41199699,https://culturalfoundation.eu,False
41199723,https://www.leprastichting.nl,False
41199738,https://www.worldpressphoto.org,False
41199917,https://www.concertgebouworkest.nl,False
41201463,https://www.savethechildren.nl,False
41201644,https://www.wemos.org,False
41201806,https://www.idealist.org,False
41202535,https://www.mamacash.org,False
41202924,https://tyndale-europe.edu,False
41207580,https://haiweb.org,False
41207759,https://www.afm.nl,False
41207989,https://aidsfonds.org,False
41208024,https://aidenvironment.org,False
41208656,https://www.onderwijsgroepamstelland.nl,False
41210838,https://www.ahk.nl/contact/,True
41211943,https://healthnettpo.org,False
41213450,https://spark.ngo,False
41214445,https://waag.org,False
41214768,https://gnpplus.net,False
41215141,https://gnpplus.net,False
41215393,https://www.warchild.nl,False
41215724,https://www.academictransfer.com,False
41215974,https://www.artsenzondergrenzen.nl/contact/service-contact/,True
41216421,https://www.rocva.nl,False
41222012,https://www.de-ateliers.nl,False
41222646,https://www.sein.nl,False
41223308,https://www.somo.nl,False
41236410,https://dorcas.nl,False
41238026,https://www.werkenbijaz.nl,False
41244289,https://www.stcdeventer.nl,False
41246832,https://www.aeres.nl,False
50000438,https://www.werkenbijdcmr.nl,False
50007858,https://omnitek.nl,False
50026607,https://ireckonu.com,False
50031473,https://dev2024.sonata-software.com,False
50042440,https://www.beson.nl/,True
50048554,https://kronenburgh.nl,False
50048775,https://www.elationlighting.eu,False
50083120,https://rrmaritimeengineering.com,False
50090933,https://www.bedandbreakfast.nl/blog/eigenaren/vacature-bij-bedandbreakfast-eu-customer-service-medewerker-36-40-uur/,True
50104853,https://ptsa.nl/,True
50122541,https://www.fonterra.com,False
50125443,https://mazura.com,False
50127837,https://www.inkef.com,False
50128701,https://www.nextgeo.eu,False
50130536,https://utwentecareers.nl,False
50131907,https://4people.nu,False
50142224,https://www.movella.com,False
50145134,https://havecon.com,False
50172247,https://www.goldrepublic.nl,False
50183516,https://tcfirm.nl,False
50209248,https://www.werkenbijspierings.nl/aanmaken-formulier-prs/contact?redirectLocation=%2fklantportal-organisatie-prs%2fcontact,False
50226045,https://www.care-force.nl/contact,False
50232053,https://sorama.eu,False
50237640,https://www.oxfordcorp.com,False
50269178,https://blackbearcarbon.com/contact/,True
50277375,https://werkenbij.surf.nl,False
50342762,https://www.archerhotelcapital.com/hotel-management/,True
50349244,https://ntrading.nl,False
50356313,https://www.fourvision.com,False
50367382,https://luxresearchinc.com,False
50372580,https://www.smart4aviation.aero,False
50383426,https://www.softwarefoundry.nl,False
50384511,https://www.forensischinstituut.nl,False
50402102,https://sun-projects.nl,False
50418491,https://www.lawrenceequipment.com,False
50450093,https://www.fujiseal.eu,False
50453483,https://www.waterschaplimburg.nl,False
50459597,https://www.estg.eu,False
50470477,https://bts.com/company/,False
50478923,https://blueoffshore.com/contact/,True
50511254,https://www.saipem.com,False
50563440,https://www.prowareness.com,False
50590316,https://oceanwidecrew.com,False
50592947,https://www.dp6.nl,False
50596721,https://shipyardrotterdam.nl,False
5060293,https://preview.carhartt.com/gb/en-gb/content/careers,False
50647482,https://www.sowiso.com,False
50658131,https://www.cbg-meb.nl,False
50677969,https://www.hhdelfland.nl,False
50684183,https://www.cofano.nl/nl/contact/,False
50744984,https://www.myjobmag.co.ke,False
50751492,https://careers.vlisco.com,False
50763261,https://deheelmeesterfysio.nl,False
50767666,https://www.vitec-memorix.com,False
5077025,https://crest.nl/company/career/,False
50791125,https://datarecoverynederland.nl,False
50794779,https://icecat.com,False
50825461,https://excerptamedica.com,False
5083686,https://www.hertalan.nl/over-ons/ons-team/,False
50839500,https://www.a10networks.com,False
5086264,https://chiropraxi-kampen.nl/,False
50904213,https://brightphotonics.eu/contact,False
50919679,https://www.hillintl.com,False
50925539,https://www.taylorguitars.com,False
50936395,https://www.auodplus.com/en-global/service/global_service,True
50939874,https://www.icbc.co.id,False
50943642,https://werkenbijbax-shop.nl/vacature-overzicht,True
50944967,https://www.vaniperen.com,False
50970364,https://www.interface.com,False
50975382,https://www.ggzmomentum.nl,False
50975773,https://www.hotelprofessionals.nl/werken-bij/conservatorium,False
51007851,https://www.royalpropertiesgroup.com,False
51012839,https://www.smile-west.com,False
51021153,https://casper.aero/about/careers/,False
51039591,https://company.recharge.com,False
51086751,https://www.onguard.com,False
51096072,https://scotchwhiskyinvestments.com,False
51109220,https://www.xperit.nl,False
51110288,https://www.diblue.online,False
51114003,https://www.egardia.com,False
51132710,https://www.vencomaticgroup.com,False
51137747,https://www.rijnland.net,False
51142015,https://www.zrgpartners.com,False
51152754,https://werkenbij.eurosort.com,False
51190486,https://www.onlogic.com,False
51192616,https://wave5.nl,False
51196948,https://www.werkenbijcrowepeak.nl,False
51231298,https://startlife.nl,False
51255006,https://www.dpa.nl,False
51261626,https://synaffix.com,False
51315521,https://www.algorithmictradinggroup.com/contact-us,True
51336634,https://eu.theapsgroup.com/contact/,True
51346060,https://careers.blauwtrustgroep.com/,True
51358360,https://projecten.topsectorenergie.nl,False
51364247,https://www.artefact.com/company/offices/,True
51372665,https://fondseninnederland.nl,False
51385309,https://dairydatawarehouse.com/current-job-openings,False
51390590,https://iautomation.nl,False
51392437,https://www.mitrofresh.com,False
51393069,https://www.stariongroup.eu,False
51400251,https://capturum.com,False
51414392,https://foodventures.eu,False
51418886,https://www.innoenergy.com,False
51428121,https://www.confuciusgroningen.nl,False
51446030,https://www.briddge.com/contact/,True
51449781,https://joinsonandspice.nl,False
51459353,https://logex.com,False
51461579,https://vanrees.com,False
51466937,https://nobleo-technology.nl,False
51469944,https://pa-imaging.com,False
51486202,https://www.cmisgroup.com/contact/,False
51489015,https://bluetech-engineering.nl/contact/,True
51496313,https://www.axiaseeds.com/nl/contact/,True
51502259,https://www.artemisbioservices.com/jobs/,True
51514281,https://effectphotonics.com,False
51516616,https://flux.nl,False
51517477,https://easy-controls.nl,False
51520109,https://www.microflown-avisa.com,False
51554089,https://belastingadviseur-wijzer.nl,False
51556650,https://www.delmic.com,False
51571730,https://www.aantafellunteren.eu,False
51593920,https://tailorminds.com,False
51607417,https://nl.swagelok.com,False
51612674,https://www.baroef.nl,False
51618923,https://careers.hendrix-genetics.com,False
51634155,https://relay42.com,False
51652293,https://concrefy.com/nl/contact/,False
51665174,https://www.salviuslegal.com,False
51683245,https://artiestenverloning.nl,False
51685566,https://www.topos.nl,False
51702010,https://jislon.tool2match.nl,False
51705958,https://www.hcgroup.eu,False
51728699,https://www.lgsonic.com,False
51728737,https://careers.unisgroup.com,False
51736101,https://www.tempress.nl,False
51736349,https://www.altcon.com/contact,True
51745399,https://www.middlepoint.nl,False
51756811,https://solidaridadnetwork.org,False
51776901,https://podictive.com,False
51782952,https://cargonaut.nl/support-contact/,False
51782987,https://www.elipslife.com,False
51806894,https://provider.inogen.com,False
51809168,https://mecal.nl,False
51814617,https://careers.decos.com,False
51815613,https://phageguard.com,False
51823039,https://framerframed.nl,False
51834979,https://nedairfreight.com,False
51835193,https://www.deltaquad.com,False
51836653,https://intelliantech.com,False
51837498,https://bravoure.nl/en/about,True
51837609,https://www.humanityhub.net,False
51841894,https://aniform.com/locations,True
51843307,https://www.jobbird.com/nl/algemene-voorwaarden,True
51862980,https://www.cassinfo.com/contact-us,False
51874474,https://acmetric.com,False
51877058,https://careers.g-star.com,False
51906538,https://lodewijksmeat.com,False
51913615,https://veneficusbv.recruitee.com,False
51924722,https://growingmindsagency.com,False
51930633,https://www.experlogix.com,False
51971186,https://wearepi.com,False
51985810,https://www.wtsenergy.com,False
52030725,https://www.vondelhotels.com,False
52038408,https://amscins.com/contact/,True
52072894,https://www.plasticsoupfoundation.org,False
52078027,https://www.greenkeeper.com,False
52094030,https://www.blackline.com/contact/,True
52104540,https://solabianutrition.com/contact/,True
52113892,https://www.oroagri.eu,False
52117839,https://corporate.payu.com,False
52135403,https://as-si.nl,False
52164527,https://www.utr8-group.com,False
52168204,https://aoc.com/uk/careers,True
52176878,https://www.payforpeople.nl,False
52201619,https://carriereopchemelot.nl/vacatures/,False
52208702,https://www.yorteam.nl,False
52216721,https://vcsw.nl,False
52256146,https://www.zetadec.com,False
52263266,https://mystiekproductions.nl,False
52270599,https://www.werkenbijram.nl,False
52334384,https://informatiegidsen-nederland.nl,False
52337626,https://wkams.com,False
52346501,https://newion.com,False
52367002,https://ditio.nl,False
52371433,https://www.alphatronmedical.com/contact-en,True
52386287,https://tandartspraktijkassenberg.nl,False
52431355,https://hortimare.com,False
52435687,https://www.surfixdx.com,False
52451038,https://vye.nl,False
52457559,https://pinch.nl,False
52469417,https://www.optics11life.com,False
52471276,https://www.stepstone.nl/cmp/en/Atlantis-Solutions-B-V-61695/this-company.html,True
52475557,https://kenes-group.com,False
52492052,https://careers.glanbia.com/go/BAF-Careers/9278801/,True
52499383,https://www.scannexus.nl/information,True
52500543,https://www.vivoenergy.com,False
52503208,https://www.caplinq.com/contact_us/,False
52504875,https://group9.nl,False
52516210,https://offshoreindependents.com,False
52525732,https://nihonfood.nl,False
52527123,https://www.totamseeds.nl,False
52533026,https://www.hdm-pipelines.com,False
52561259,https://www.kiltoprak.com,False
52564401,https://abstraction.games,False
52640825,https://www.bolderscg.com/contact-us/,True
52643573,https://www.nextname.nl,False
52644855,https://bluefinch-esbd.com/nl/vacatures/,True
52658953,https://aqana.com/contact-us/,True
52686191,https://www.n-sea.com,False
52686310,https://www.roamler.com,False
52693457,https://www.shanghaihotelholland.com/nl/p/contact,False
52694712,https://frisseblikken.com,False
52726509,http://www.goaster.com/europe/contact.jsp,True
52751406,https://www.mavim.com,False
52751554,https://hostkey.com,False
52753220,https://sinomedik.nl,False
52789578,https://www.werkenbijprofielnorm.nl,False
52789616,https://www.orangetrail.com,False
52794016,https://www.minerva-calibration.com,False
52826066,https://random.studio,False
52849058,https://www.geo2.nl,False
52873471,https://www.beckman.com/contact-us/netherlands,True
52876160,https://www.easy2rent.nl,False
52887227,https://centralisgroup.com/locations/centralis-netherlands/,False
52889300,https://www.znapz-assetmanagement.com,False
52894223,https://www.sps-international.com,False
52898210,https://www.tkh-airportsolutions.com,False
52915026,https://remalux.nl,False
52926915,https://energyconsulting.nl,False
52930610,https://www.werkenbijkme.nl/contact,True
52934969,https://www.bauwatch.com,False
52941167,https://www.depraatmaatgroep.nl,False
52945103,https://www.offerzen.com,False
52951235,https://www.un-igrac.org,False
52957535,https://www.freepressunlimited.org,False
52965139,https://ambassadors.com/contact/,True
52977501,https://www.acerta-pharma.com,False
52987221,https://www.bpmcompany.eu/contact/,True
52998614,https://primefinancedisputes.org,False
53009258,https://www.bcinsightsearch.com,False
53014715,https://unimpack.nl,False
53014960,https://ikr-rucphen.nl,False
53020057,https://vtec-ls.nl,False
53020243,https://conet.nl/contact/,False
53044444,https://sunbeam.solar,False
53044630,https://nerds.company,False
53045394,https://www.tpvision.com,False
53063597,https://www.yelu.nl,False
53080556,https://www.tricentis.com,False
53089847,https://www.nobleo-infra.nl,False
53113160,https://www.independent-energy.nl,False
53119843,https://luscii.com,False
53134486,https://www.e-llis.com,False
53135296,https://www.doabooks.org,False
53152808,https://com1.nl/contact/,False
53188772,https://www.cropx.nl/klantenservice/,False
53210255,https://www.werkenbijziekenhuisamstelland.nl,False
53240162,https://gpb-gr.com,False
53256662,https://www.geckotech.nl,False
53271238,https://www.mediablue.nl,False
53301978,https://www.lifesciencemethods.com,False
53328175,https://www.bumbal.eu,False
53350472,https://www.ahcbv.com/nl/,True
53363019,https://irm-sys.com,False
53377125,https://goodcarechiropractie.nl,False
53463978,https://www.betabit.nl/over-ons/contact,True
53478509,https://drakeandfarrell.com,False
53517334,https://teamsstore.nl,False
53518314,https://ecochain.com,False
53521307,https://www.fulfilmentsolutions.nl,False
53527925,https://euronetinfratechniek.nl,False
53534050,https://www.brightcontact.eu/contact/,False
53545702,https://eturn.eu,False
53572750,https://www.rojointegrations.com,False
53601343,https://www.nov.com,False
53615301,https://www.typefi.com,False
53652037,https://www.direct-source.nl,False
53654889,https://caliber.global,False
53670361,https://quasset.com,False
53679660,https://www.workday.com,False
53690923,https://www.vivoenergy.com,False
53704746,https://www.agidens.com,False
53709713,https://careers.motherson.com,False
53713273,https://www.motorsportjobs.com,False
53725514,https://www.darwinrecruitment.com/contact-us/,False
53728726,https://www.vestaterminals.com,False
53730941,https://www.amarulasolutions.com/jobs/,True
53731344,https://www.tjaden-pijlman.nl,False
53733983,https://deverduurzamingsgids.nl,False
53736516,https://www.touchtribe.nl,False
53744993,https://www.worldbenchmarkingalliance.org,False
53745175,https://www.siemens-energy.com,False
53748921,https://myh.health,False
53751221,https://www.bbio.nl/contact/,True
53752155,https://www.artjobs.com,False
53765273,https://www.uio.no/english/about/contact/,True
53801016,https://traintool.com,False
53805836,https://magno-it.nl,False
53838866,https://www.dnm.nl,False
53842405,https://www.numafa.com,False
53853091,https://www.allianz-trade.com,False
53866142,https://setventures.com,False
53898737,https://www.mimetas.com,False
53904877,https://www.getronics.com,False
53908775,https://www.airswift.com/about/locations/netherlands,True
53911547,https://oossanen.nl,False
53919351,https://rumarubber.com,False
53921291,https://www.4minutes.nl,False
53936981,https://maxem.io,False
53951425,https://www.marinetraffic.com,False
53952464,https://exxfire.com,False
53965019,https://vacaturebank.kngf.nl,False
53977599,https://dutchview.com,False
53991389,https://2solar.nl,False
53992873,https://www.pontis-engineering.com,False
54015596,https://qodea.com,False
54021871,https://tropiq.nl,False
54027675,https://www.cocoyachts.com/,False
54029929,https://www.econvert.nl,False
54033500,https://vancampenliem.com,False
54036682,https://www.nutsgroep.nl,False
54042577,https://www.byondis.com/contact,False
54061024,https://humandigital.nl,False
54069475,https://ambassadors.com/contact/,True
54081688,https://www.loosvanvliet.nl,False
54105854,https://debanensite.nl,False
54109922,https://www.newayvalve.com,False
54112036,https://truqu.com,False
54139287,https://customsclearance.nl,False
54146240,https://www.intwo.cloud,False
54153670,https://limes-int.com,False
54165296,https://buroharro.nl/en/contact-us/,False
54175437,https://chainels.factorialhr.com/#offices,False
54212677,https://phenospex.com,False
54253977,https://numidiadairy.com,False
54254981,https://www.bws.net/contact/netherlands/rotterdam,True
54306272,https://www.celsian.nl/contact-us/,False
54314437,https://www.mestabv.com,False
54329779,https://www.supersaas.nl,False
54357691,https://careers.aegirmarine.com,False
54360722,https://vastint.eu,False
54398800,https://career.profoto.com,False
54416469,https://mlaplus.com,False
54427126,https://www.emons.eu,False
54506034,https://www.marketing-communicatie-vacatures.nl,False
54516013,https://www.comops.nl/vacatures/,False
54540623,https://www.kinaxis.com,False
54565359,https://planetx.nl,False
54584353,https://nieuweinstituut.nl,False
54600790,https://www.proqr.com,False
54601738,https://www.bijlmerparktheater.nl,False
54606179,https://www.fastnedcharging.com,False
54607183,https://medilibra.nl,False
54679613,https://addvue.com,False
54687195,https://jobs.atabix.nl/locations/amsterdam,True
54705347,https://mpg-digital.nl,False
54707919,https://therockgroup.biz,False
54723655,https://www.castoredc.com/contact-us/,False
54739640,https://www.ecomatters.nl,False
54792479,https://www.smcamsterdam.nl,False
54802202,https://smitlamnalco.com,False
54807018,https://profinrg.nl,False
54808537,https://asqin.com,False
54834260,https://www.concreet-pm.nl/contact/,False
54842328,https://barlafood.com/contacts/,True
54843219,https://smartphotonics.nl,False
54843855,https://www.epc-techservice.com,False
54844460,https://measuremen.io,False
54893119,https://www.citykids.nl/contact,False
54901812,https://woodwork.nl,False
54914094,https://www.abbvie.nl,False
54925975,https://www.hqprecisioncleaning.nl,False
54992761,https://www.coolgames.com/contact/,False
55004342,https://www.studiobereikbaar.nl,False
55033490,https://nieuwestroom.nl,False
55047599,https://www.foodcase-international.com,False
55049079,https://www.pivotpark.com/contact/,True
55050727,https://unloq.org,False
55056091,https://debanensite.nl,False
55058590,https://rate.nl,False
55085695,https://www.comfortace.com/contact,False
55102697,https://www.groenezaken.com/bedrijfsprofielen/autarco-bv,True
55103200,https://www.jeng.nl,False
55115446,https://warpnet.nl,False
55123465,https://arkoiltech.nl/en/contacts/,True
55130313,https://debanensite.nl,False
55132456,https://eu.patagonia.com,False
55148271,https://www.hawksford.com,False
55161510,https://snappet.recruitee.com,False
55184391,https://dongit.eu,False
55195520,https://app.otta.com,False
55202454,https://careers.ebusco.com,False
55214290,https://www.infosysbpm.com,False
55272169,https://mytomorrows.com,False
55274382,https://www.feelflex.nl,False
55290833,https://www.academictransfer.com,False
55306683,https://www.tertium.nl,False
55311970,https://levy-professionals.com,False
55328938,https://www.bbr-rijswijk.nl,False
55404367,https://yoast.com,False
55408567,https://www.flitsmeister.nl,False
55415849,https://www.thehyve.nl,False
55416071,https://www.gresb.com,False
55418511,https://www.wellinq.com,False
55427596,https://www.parking.net,False
55427669,https://owlin.com,False
55440215,https://jobs.workspace365.net,False
55440932,https://chiropractie-blaauw.nl/ervaringen/,False
55465374,https://www.redmath.com,False
55480241,https://www.rotterdamsphilharmonisch.nl,False
55481892,https://hitec-ups.com,False
55485243,https://cloudbilling.nl/contact,False
55505686,https://eurofins-clinicaldiagnostics.nl,False
55519520,https://irmeurope.com,False
55525474,https://www.royalhaskoningdhv.com,False
55530230,https://www.repay.nl,False
55569447,https://www.eigenenergie.net,False
55570836,https://www.pixelzebra.nl,False
55571190,https://sunrock.com,False
55582125,https://valcon.com,False
55587402,https://mettom.nl,False
55590705,https://www.palmsens.com,False
55596630,https://www.appliednanolayers.com/nanotechnology-engineering/,True
55601642,https://rohr-idreco.com,False
55618898,https://orbitaleye.nl,False
55627870,https://www.jobbird.com,False
55652832,https://emtg.nl,False
55653804,https://aevitas.com,False
55665675,https://moltek.com,False
55679218,https://www.8vance.com,False
55679285,https://scheer-nederland.com,False
55685897,https://maritime-zone.com/en/crewing/209945-argo-coral-maritime-ltd,True
55701442,https://www.torrgas.nl,False
55703917,https://www.indorama.com,False
55711766,https://www.lendahand.com,False
55725147,https://www.loginvsi.com,False
55732631,https://encs.eu,False
55752713,https://www.alewijnse.nl/werken-bij,True
55763820,https://denssolutions.com,False
55770282,https://bowmanchiropractie.nl/contact-2/,True
55783368,https://www.werkenbijhuisman.com,False
55794157,https://www.caemklerks.com,False
55796850,https://jobs.bookingexperts.com/locations/locatie-amersfoort,True
55804284,https://www.nobleo-manufacturing.nl,False
55808379,https://works.jobs,False
55826563,https://wearekayak.com,False
55836151,https://movianto.com,False
55838626,https://synovatech.com,False
55868673,https://www.sojitz.com,False
55901964,https://shop.fairphone.com,False
55911560,https://mazura.com,False
55915922,https://www.chiropractie-doetinchem.nl/contact/informatie.html,False
55924425,https://www.maritimetechnology.nl,False
55943985,https://euro-caps.nl,False
55953670,https://www.chiromulder.nl/contact,False
56007183,https://www.werkenbijcopier.nl/#contact,False
56026897,https://www.codeyellow.nl/,False
56028318,https://www.qiangsheng.nl,False
56049773,https://www.catella.com/en/benelux/careers/open-positions,False
56076932,https://www.ownershipcapital.com,False
56093926,https://omgevingsdiensthaaglanden.nl,False
56102259,https://www.tronox.com,False
56121172,https://career.cefetra.com/contact/,False
56151209,https://chinalight.nl/nl/contact-us/,False
56151292,https://www.fontaneljobs.com,False
56159765,https://www.cgm.com/nld_nl/compugroup-medical/contact.html,False
56161719,https://movemobility.nl,False
56179146,https://biolumnis.nl,False
56197977,https://www.yaband.com,False
56203810,https://www.myjobmag.com,False
56220987,https://flexous.com,False
56224516,https://www.select-jobs.nl,False
56227949,https://werkenbijsuzlon.nl,False
56246145,https://cardimed.nl/en/contact-quotation.php,False
56248644,https://create-entrance.com/recruit/,False
56252331,https://www.werkenineenhotel.nl,False
56263732,https://matrasrecyclingeurope.com,False
56266480,https://www.trafohuis.nl,False
56266693,https://star-specialists.com,False
56270127,https://cdr-international.nl/contact/,False
56279027,https://vimdscr.nl,False
56337124,https://www.emva.org,False
56345054,https://www.microflown-avisa.com,False
56359152,https://www.sinojobs.com/en/list-of-employers/company-details/china-cargo-airlines-ltd-europe.html,False
56381441,https://www.toms.com,False
56415389,http://basiccity.eu/contact/,True
56428731,https://loxodon.eu,False
56432267,https://awareways.com/vacatures/#,True
56442661,https://kentivo.com,False
56443838,https://www.northpool.nl,False
56475160,https://careers.sfimarkets.com,False
56476779,http://www.brandnewday.nl/Over_ons/contact.html#Contactgegevens,True
56495439,https://www.wec-nederland.nl/vacatures/,False
56507151,https://adryan.com,False
56515154,https://www.royalhaskoningdhv.nl,False
56517467,https://traject.com,False
56518617,https://www.cooderjobs.com,False
56543875,https://www.sensixs.nl,False
56549121,https://cboxcontainers.nl/over-ons/vacatures,False
56561105,https://www.zest-innovate.eu,False
56564899,https://www.iodigital.com,False
56568282,https://www.iphandlers.nl,False
56569114,https://www.bfglogistics.com/nl/contact/,True
56585012,https://www.jord.com.au,False
56592868,https://www.ducate-woerden.nl,False
56609485,https://smartshore.com,False
56612508,https://www.rainforest-alliance.org,False
56613466,https://v2future.com,False
56619359,https://www.thedigitalneighborhood.com,False
56645228,https://www.halix.nl,False
56652453,https://www.img-group.nl,False
56662513,https://www.ottevanger.com,False
56666497,https://werkenbijmaschem.nl,False
56684703,https://ixrenewables.com,False
56686331,https://signhost.recruitee.com,False
56692579,https://www.additiveindustries.com,False
56696701,https://www.upeople.nl,False
56706340,https://westcoastsupplygroup.com,False
56707347,https://nijhoffarchitecten.nl,False
56714424,https://www.jobsonline.nl,False
56714955,https://www.imperialbrandsplc.com,False
56757131,https://sterc.com,False
56792697,https://www.bannerboy.com/,True
56802633,https://werkenbij.nipv.nl,False
56809786,https://www.werkenbijcbr.nl/over-ons,False
56810504,https://www.mosadexgroep.nl,False
56821166,https://oci-global.com,False
56829787,https://jobs.studocu.com,False
56833695,https://www.werkenbijactemium.nl/vacatures/,False
56837968,https://woonwerk.eu,False
56843232,https://www.promobears.nl,False
56849990,https://careers.topdesk.com,False
56891008,https://foryouandyourcustomers.com,False
56896956,https://werkenbijcruxagribotics.com/contact/,False
56905815,https://gebiedsmanagers.nl,False
56916116,https://massarius.com,False
56940327,https://connect-solutions.nl/contact/,False
56941188,https://corion.nl/contact/,False
56948387,https://www.readytech.com,False
56972954,https://focusengineering.nl,False
56974221,https://www.ijsselstate.nl,False
56990723,https://www.duinconsult.com,False
56993137,https://www.fruitone-europe.com,False
56995229,https://www.bynder.com/en/support/?_gl=1*1cflavw*_gcl_au*OTcwOTUxNzk3LjE3Mzg5MjMwMzg.,False
57048789,https://www.valto.nl,False
57056447,https://www.fashion.cloud,False
57075425,https://www.eonics.nl,False
57083126,https://nescio.co,False
57084173,https://www.simacan.com,False
57087156,https://visualfabriq.com,False
57092168,https://taxture.com,False
57093369,https://www.cleantron.nl,False
57116083,https://verisinvestments.com,False
57142467,https://www.poware.nl,False
57151644,http://www.poctconnect.nl,False
57166692,https://naifcare.com,False
57185514,https://stel.nl,False
57189978,https://subscriptionfactory.com,False
57193118,https://www.schoellerallibert.com,False
57215812,https://www.inconed.nl,False
57220662,https://lincsafe.com,False
57229791,https://www.spotonvision.com,False
57237662,https://www.hellokaleido.com,False
57244227,https://taj-indian-restaurant.nl,False
57262632,https://theoceancleanup.com,False
57269904,https://www.yash.com,False
57270155,https://morerecruitment.nl,False
57292795,http://sparkenergy.io,False
57301484,https://technoinfra.nl,False
57312281,https://www.ambrell.com/contact-us?linked_from=mega%20menu,True
57312672,https://www.steldon.com,False
57316279,http://persorent.nl,False
57340943,https://www.nlc.health,False
57378169,https://www.purestorage.com,False
57383030,https://www.officewinhov.nl,False
57390533,https://birdrecruitment.nl/contact/,True
57391092,https://www.omersinfrastructure.com,False
57396531,https://hilfort.com,False
57407436,https://restaurantblauw.nl,False
57415676,https://www.easy-lms.com,False
57425434,https://www.nextarchitects.com,False
57430195,https://www.hanergy.eu,False
57453462,https://www.processminded.nl,False
57458847,https://beatgrid.co/,True
57480141,https://musonisystem.com,False
57485941,https://www.trivident.com,False
57500843,https://voltiq.com,False
57505888,https://synres.com,False
57529981,https://eqeep.com/contact,False
57535744,https://lubbersboerdouma.com,False
57560870,https://restaurantblauw.nl,False
57568308,https://dycotrade.com,False
57598274,https://www.senteangroup.com/#contact,False
57602255,https://careers.arcadis.com/,True
57626987,https://www.jobbird.com/nl/algemene-voorwaarden,True
57634262,https://fitin.finance,False
57635420,https://www.bttmultimodal.nl,False
57641730,https://cloudwise.nl/werken-bij,False
57725497,https://www.cevalogistics.com,False
57740151,https://oci-global.com,False
57762368,https://www.cooderjobs.com,False
57805199,https://www.ananda-drive.com/jobs/office-assistant/,True
57806497,https://ibsca.nl,False
57817146,https://ceradis.com/,True
57822883,https://werkenbijaspen.nl/careers/,True
57841209,https://www.cleverfranke.com/contact,False
57841969,https://exesengineering.nl,False
57861765,https://l1nda.com,False
57864578,https://www.infoblox.com,False
57908680,https://www.denham.com,False
57910960,https://www.kompany.com/p/nl/57910960,True
57918597,https://www.blikopwerk.nl,False
57921180,https://pcsww.com,False
57923272,https://www.eurasianresources.lu,False
57949069,https://werkenbijvanmeijel.nl,False
57957851,https://www.legionelladossier.com,False
57982163,https://ocre-offshore.com,False
57988218,https://thalia.nu/career/partners/bookingcom/,True
58010041,https://yore.nl,False
58012281,https://anterracapital.com/contact/,True
58032622,https://www.lovechock.com,False
58035761,https://www.antennacompany.com,False
58039589,https://mastersinfinance.nl,False
58039864,https://medicapture.com,False
58042016,https://www.itsvalue.com,False
58043624,https://www.securify.nl,False
58050043,https://alimentiv.com/careers/,True
58052577,https://www.chimpworksgames.com/contact-us,False
58071792,https://www.kobelco-europe.com,False
58084193,https://www.quirem.com,False
58086846,https://firstemployment.nl,False
58103368,https://orangearchitects.nl,False
58110046,https://www.hetubing.com,False
58125248,https://www.ga-international.com,False
58143998,https://spaceatsea-project.eu,False
58164359,https://obviouspeople.com,False
58165533,https://www.vtti.com,False
58172149,https://www.hotel-spot.nl/hoofddorp/dam-9-b-v/,False
58174338,https://www.leernederlands.nl,False
58178260,https://www.tip-group.com,False
58180362,https://www.heerema.com,False
58187863,https://www.scisports.com,False
58213988,https://www.savvy-group.nl,False
58223541,https://frankort.nl,True
58228039,https://www.lizard.global,False
58235701,https://lemariagedelouise.be,False
58239030,https://ikasido.com,False
58244484,https://www.sanorice.com/nl/contact/,False
58273980,https://www.ottoworkforce.nl,False
58276149,https://rohamsterdam.nl/contact/,True
58279199,https://accesstonutrition.org,False
58287906,https://mybit.nl,False
58299416,https://www.i-teamglobal.com,False
58299424,https://norday.nl,False
58309837,https://www.jigler.nl,False
58311173,https://bilginbetonvloeren.nl/,True
58328920,https://ichgcp.net,False
58371869,https://sim-international.com,False
58396349,https://smartfreightcentre.org,False
58417028,https://bluerocktms.com/contact/,True
58425632,https://www.ltts.com,False
58474447,https://xebia.com,False
58489746,https://www.payingit.nl,False
58519505,https://www.gemeentegids-nederland.nl/bedrijven/cds-development-b-v/,False
58545042,https://www.kisters.eu,False
58546758,https://www.mach1.team,False
58547568,https://www.tandzorg-hetbildt.nl,False
58555935,https://www.parcelparcel.com,False
58566473,https://stakelogic.com,False
58573909,https://www.xxlhoreca.com,False
58599797,https://www.amsterdamumcventures.nl,False
58599843,https://www.werkenbijavr.nl/contact/,True
58604480,https://www.tcog.nl,False
58612122,https://www.sthree.com,False
58615709,https://www.c-gt.nl/,False
58653473,https://www.hollandptc.nl,False
58654631,https://amsterdamlifesciencesdistrict.nl,False
58655581,https://geeksoftconsulting.com,False
58655638,https://engineeringisanart.nl/contact/,True
58684948,https://erez.nl,False
58686010,https://www.navingocareer.com,False
58729569,https://www.novo-learning.com,False
58733795,https://www.jobsindetechniek.nl,False
58734325,https://www.medify.eu,False
58747427,http://runiindustries.eu,False
58749888,https://titan-cleanfuels.com,False
58764100,https://assistentensite.nl,False
58771816,https://www.oliver.agency,False
58780688,https://vmnmedia.nl/contact,True
58781803,https://www.mm-flowers.com,False
58791647,https://stipt.com,False
58796576,https://privacyperfect.com,False
58796762,https://certusautomation.com/contact/,False
58806075,https://www.cie.nl,False
58806415,https://www.050media.nl,False
58810811,https://securiment.com,False
58811001,https://careers.parkbee.com,False
58856609,https://www.workiva.com,False
58858334,https://plat4mation.com,False
58858466,https://polpharmabiologics.com,False
58859446,https://www.buildinamsterdam.com/contact,False
58864598,https://www.aectual.com,False
58867937,https://werkenbij.aebamsterdam.nl,False
58879765,https://borgentax.nl,False
58889604,https://www.achterhoekvacature.nl/uploads/vacancies/970000223_508125.pdf,False
58894969,https://en.kavel10.nl,False
58901477,https://www.salvedo.nl,False
58904301,https://grendelgames.com,False
58915656,https://www.towaeurope.com,False
58918019,https://www.rodon-int.com,False
58919031,https://www.ggz-reflection.nl,False
58922075,https://jdejonge.com,False
58923624,https://www.orionjobs.com,False
58925309,https://vkcw.nl,False
58930736,https://huygens-engineers.nl,False
58945253,https://www.m7re.eu,False
58968504,https://www.smbc.aero,False
58981314,https://advisionfinance.nl,False
58990100,https://ehaweb.org,False
59004401,https://moofpeople.com,False
59009187,https://www.ppf.eu,False
59020776,https://vishpsychiater.nl,False
59032936,https://oaky.com,False
59038489,https://hyphe.com/about,True
59043733,https://www.stepstone.nl,False
59062673,https://internationalaccord.org,False
59080639,https://protonventures.com,False
59082739,https://brightlandsventurepartners.com/contact/,False
59091983,https://equans.nl,False
59094591,https://ponthus.nl,False
59094702,http://www.okaya.de,False
59100796,https://restaurantzheng.com,False
59105143,https://www.jindan.eu,False
59116218,https://www.abbvie.nl,False
59120053,https://www.nobleo-manufacturing.com,False
59120193,https://nobleo-technology.nl,False
59152826,https://www.heliox-energy.com,False
59171960,https://www.medline.eu,False
59227257,https://www.paazl.com,False
59234784,https://jobs.payin3.eu/,False
59239247,https://eatris.eu,False
59256125,https://mazarine-energy.com,False
59262036,https://www.vlflex.nl,False
59285273,https://www.cowmanager.nl/vacatures/,False
59285575,https://fastfocus.nl,False
59291850,https://www.srcon.eu,False
59297247,https://www.varoenergy.com,False
59305266,https://www.limburgvac.nl,False
59310685,https://www.experiencegift.com,False
59310715,https://www.crayon.com/nl/Carriere/,False
59329319,https://www.fontaneljobs.com,False
59331283,https://www.computers1000.com,False
59334010,https://www.opple.nl,False
59338717,https://www.gushenholland.nl,False
59343818,https://www.rsm.global,False
59347198,https://www.zonneoord.nl,False
59362723,https://www.whitehats.nl,False
59366524,https://admateceurope.com,False
59382287,https://msig-europe.com,False
59384360,https://leads.io,False
59392223,https://www.werkenbijrichting.nl,False
59394285,https://www.avular.com/contact,True
59402156,https://werkenbijhollandia.nl,False
59409045,https://cascale.org,False
59410205,https://te-instrumentation.nl,False
59416319,https://www.seaqurrent.com,False
59430729,https://lijfkracht.community,False
59443871,https://sanctuarykliniek.nl,False
59448245,https://www.broadviewenergysolutions.com/,False
59456302,https://www.pallasreactor.com,False
59464364,https://www.bausch.nl/wie-zijn-wij/bij-ons-werken/,True
59464534,https://www.triglobal.org,False
59467274,https://www.inverid.com,False
59472596,https://tekton-architekten.nl,False
59479477,https://ximedes.com,False
59486821,https://charlieworks.eu/vacatures/,False
59490012,https://omniplan.nl,False
59498862,https://www.buybay.com/en/contact/,False
59554851,https://www.aplusconcepts.nl/,True
59561289,https://vanwengerden.com,False
59575417,https://www.impactinstitute.com,False
59575964,https://www.goldenagri.com.sg,False
59586478,https://eurocount.nl,False
59597291,https://www.werkenbijsolvinity.nl,False
59598247,https://www.intellicare.nl,False
59608838,https://www.metrixlab.com,False
59617667,https://www.hightekers.com,False
59638273,https://www.thomasmorehs.nl,False
59640332,https://magnitglobal.com,False
59646500,https://eenvoud.nl,False
59647094,https://www.infinite-process.com,False
59654163,https://convergence.demcon.com/contact,False
59663006,https://www.ingkacentres.com,False
59663863,https://www.textkernel.com,False
59668237,http://lestradefs.com,False
59685131,https://velocityelectronics.com,False
59720301,https://www.pvo-int.com,False
59735937,https://elestor.com,False
59743581,https://www.uitzendbureau.nl,False
59749199,https://www.hofmandujardin.nl,False
59762373,https://engineero.nl,False
59844299,https://novoserve.com,False
59869658,https://www.fontaneljobs.com,False
59872314,https://commonland.com,False
59887605,https://www.photonfirst.com,False
59889861,https://wiinc.co,False
59903562,https://www.yili-innovation.com,False
59935472,https://www.brooksrunning.com/en_nl/meet-brooks/our-company/,False
59991909,https://alsi.semi.asmpt.com/en/contact/,True
60006048,https://www.plauti.com,False
60022132,https://www.nextportchina.com,False
60039809,https://aqua-spark.nl/,True
60048417,https://elbrons.com,False
60071052,https://carbonx.nl/,False
60076712,https://hellohix.com,False
6008145,https://www.tkf.nl/nl/over-tkf/werken-bij-tkf/vacatures,True
60106050,https://csdigitalmedia.nl/contact-us/,False
60119063,https://thirona.eu,False
60126817,https://www.sanos.nl,False
60132477,https://mssdefence.com,False
60147997,https://www.npsp.nl,False
60155302,https://www.novadaholding.com,False
60156244,https://www.alma-trading.com/3215.html,True
60161175,https://olyx.nl,False
60187263,https://nwobiophysics.nl,False
60193611,https://deruggesteun.nl,False
60195347,https://radiclecrops.com,False
60215089,https://www.floraxchange.nl,False
60227168,https://rmmbr.com,False
60234806,https://www.perflexi.nl,False
60235772,https://www.spectralindustries.com,False
60258845,https://nl.thenextad.com,False
60274050,https://www.arena-aviationcapital.com/contact,True
60281758,https://www.creditaccess.com/contact/,False
60310057,https://www.liqal.com,False
60320192,https://www.twtg.io,False
60351489,https://www.cardanodevelopment.com,False
60374578,https://vectioneer.com,False
60395575,https://studiodrift.com,False
60421533,https://www.adchieve.com,False
60426616,https://mediadistillery.com,False
60428163,https://code-orange.nl/vacancies/,False
60429089,https://www.axign.nl/careers/,True
60430486,https://qymoulding.com,False
60432713,https://www.axon.com/careers,True
60449055,https://lekkerbikes.com,False
60455861,http://undagrid.com,False
60468521,https://maples.com,False
60471700,https://www.edctp.org,False
60473819,https://www.bestsellernederland.nl,False
60486015,https://aquabattery.com/contact,True
60545879,https://www.stone-interim.nl,False
60548525,https://www.expatflex.nl/contact-us/,False
60552735,https://fizyr.com,False
60596392,https://hippischnetwerkteam.nl,False
60609567,https://www.tellart.com,False
60610549,https://marktonderzoeksbureaus.nl,False
60611952,https://www.iptiq.com,False
6061489,https://www.brinkscomponents.nl/vacatures/,False
6061893,https://docsys.nl/over-ons,False
60634464,https://www.olympischstadion.nl,False
60652608,https://rymax-lubricants.com,False
60653523,https://werkenbijthinkwise.nl,False
60670274,https://www.northdata.de,False
60688890,https://www.stoffenmanager.nl/contact/,False
60697431,https://plantics.com,False
60716797,https://www.microlab.nl/nl-nl/eindhoven,True
6073110,https://www.ambroise.nl/,True
60742607,https://www.seo-for-jobs.com,False
60750006,https://www.emoss.nl,False
60752262,https://portera.nl,False
6076204,https://www.controllab.nl/overview/jobs/,False
60766743,https://www.starodub.nl,False
60771194,https://www.thebrinkagency.com,False
60781246,https://morphotonics.com,False
60785578,https://controlpayroll.nl/,False
60793961,https://www.seuss.plus,False
60818492,https://www.iventmobile.com,False
60821337,https://straightforward.nl,False
6082598,https://bhs.applytojob.com/,True
60834765,https://www.tmi.nl,False
60836881,https://www.wilgenhaege.nl,False
60864648,https://livezoku.com,False
60878401,https://www.gwinstek.com,False
60885653,https://davidlewis.nl,False
60887737,https://career.io,False
60891831,https://3duniversum.com,False
60893125,https://www.visionbi.nl,False
60902159,https://b-amsterdam.com/contact/,True
60904542,https://www.ingrammicro.com,False
60904577,https://probability.nl,False
6090691,https://werkenbijbenchmark.nl/,True
60919418,https://career.fujiseal.eu,False
60932317,https://www.idealist.org,False
60956224,https://www.heliox-energy.com,False
60967439,https://pobbaarn.nl,False
60972084,https://www.bvimedical.com,False
60974796,https://almaresources.nl/contact/,True
60993448,https://theinnercircle.co/privacy,False
60996358,https://www.please.nl,False
61020796,https://skytree.recruitee.com,False
61036498,https://homey.app/nl-nl/careers/,True
61037605,https://www.daijob.com/en/jobs/company/8674/en,False
61051829,https://denboschbusinessplaza.nl,False
61062618,https://nasaholding.nl,False
61063827,https://vivera.com,False
61068225,https://www.kiteamsterdamcareers.com,False
61077976,https://toxys.com,False
61079049,https://dan.com,False
61079634,https://www.jobsonline.nl/bedrijfspresentatie/airbeamtv-bv/,True
61090891,https://optiver.com,False
61131121,https://www.inkloud.eu,False
61138088,https://signrequest.com,False
61141208,https://vitalfluid.com,False
61167851,https://your.cloud,False
61176249,https://solidsands.com,False
61189693,https://www.aarini.com,False
61208760,https://www.waypointports.com,False
61212792,https://www.starapple.nl,False
61213985,https://jobs.virtualvaults.com,False
61215651,https://groenestroomlokaal.nl,False
61250473,https://xprtise.com,False
61262935,https://www.werkenbijhmczorg.nl,False
61278629,https://www.dahuasecurity.com/nl/aboutUs/contactUs,False
61307068,https://www.crunchr.com,False
61321834,https://global.brosmed.com/contactus.html,False
61334790,https://www.fiveguystalent.com,False
61343862,https://www.agropages.com,False
61357413,https://marketing.exsell.nl,False
61369667,https://www.mynta.nl,False
61371912,https://abelsensors.com,False
61372528,https://bright-society.com/,False
61383457,https://bautoost.nl,False
61415278,https://www.rfpnetworks.com,False
61417025,https://www.yenlo.com,False
61444480,https://www.speakeasyinc.com,False
61478466,http://www.fairways-logistics.com,False
61510084,https://picnic.app,False
61516201,https://www.vdv-fijnmetaal.nl,False
61543691,https://nd.net,False
61547166,https://fount.eu,False
61548278,https://bedatadriven.com/index.html#contact,True
61553069,https://www.viatris.nl,False
61556173,https://www.acquaint.eu,False
61579416,https://partsondemand.nl,False
61588024,http://www.cocoanect.com/,False
61603244,https://brightcape.nl/contact/,False
61604119,https://www.boonedam.com/contact,True
61618411,https://glassworksvfx.com,False
61625949,https://neocles.io,False
61668451,https://alphafmc.com/,True
61674494,https://barcodearchitects.com/,True
61700967,https://www.aacsb.edu,False
61701645,https://pragmatist.nl,False
61705632,https://www.jobpertunity.nl,False
61725242,https://www.teleon-surgical.com,False
61738840,https://www.uvaventures.nl/onderneming/amsterdam-venturelab-bv-startup-village/,True
61752614,https://www.jobsonline.nl,False
61775207,https://baosensuntop.eu/,True
61775665,https://atterbury.eu/contact-3/,True
61781614,https://www.smartlockr.io,False
61824607,https://accucoms.com,False
61829420,https://www.073restaurant.nl,False
61837628,https://monotch.com,False
61843962,https://remote.work,False
61873268,https://hopmansgroep.nl,False
61877107,https://www.exact.com,False
61878294,https://apeldoornbusinessplaza.nl,False
61880213,https://teqplay.com,False
61884316,https://www.container-solutions.com/about-us,False
61889733,https://www.appythings.nl/contact.html,True
61904783,https://koerber-supplychain.com,False
61920819,https://www.manus-meta.com,False
61952443,https://www.cloudteamcompany.com/,False
61953555,https://www.agenor-bv.com,False
61955191,https://www.europemedicare.eu,False
61958034,https://www.wearespindle.com,False
61981923,https://mx3d.com,False
61991554,https://samenkids.nl,False
62009761,https://servicehouse.nl,False
62013971,https://fairfieldchemical.com,False
62030914,https://www.ingkacentres.com,False
62045326,https://www.xillio.com,False
62062719,https://xeleron.nl,False
62066420,https://3dprintatlas.nl,False
62066749,https://www.multitex.nl,False
62074962,https://www.jobsonline.nl/bedrijfspresentatie/cic-nl-operations-b-v/,False
62075837,https://www.kubogroup.nl,False
62076957,https://www.software-vastgoedbeheer.com/over-bloxs/vacatures/,True
62082183,https://parakar.eu,False
62083686,https://parakar.eu,False
62091654,https://www.bond3d.com/contact/,True
62093533,https://www.clickdealer.com/,False
62093762,https://joneseng.com,False
62106201,https://kpioceanconnect.com,False
62110217,https://www.seaborough.com,False
62112309,https://ronesans.com,False
62117858,https://www.werkenbijrandstad.nl,False
62123807,https://ecorglobal.com,False
62128051,http://www.sofra.nl,False
62128736,https://www.uiin.org,False
62139738,https://www.weatherimpact.com,False
62144286,https://careers.omp.com,False
62186000,https://simurghy.com,False
62211544,https://www.bluefielders.nl/,True
62216546,https://career.madern.com,False
62236970,https://www.werkenineenhotel.nl/action/jobs/filter/?locationID[]=805,True
62267604,https://www.headhuntersinnederland.nl/chemploy-23598.html,False
62293540,https://locuspeople.nl,False
62303538,https://www.dynatron.nl,False
62321102,https://www.h2compute.com,False
62332252,https://www.roadmaptozero.com,False
62365835,https://happitech.com,False
62400517,https://wolfandcherry.nl,False
62404768,https://community.sprintrobotics.org,False
62439715,http://de.everyone.org,False
62458949,https://www.emis-bv.com,False
62508741,https://www.tresviri.nl,False
62510509,https://lucutrecht.nl,False
62534718,https://assistentensite.nl,False
62538519,http://nl.eu.ccb.com/amsterdam/en/indexv3.html,False
62538802,https://www.dentworktandartsen.nl,False
62539191,https://www.testbirds.com,False
62549987,https://whiffle.recruitee.com,False
62559753,https://www.jpbgroep.nl,False
62560670,https://www.ictj.org,False
62561774,https://www.werkenbijestreme.nl,False
62571591,https://qualinx.io,False
62584715,https://www.sensorfy.ai,False
62586432,https://www.simtech.nl,False
62609211,https://pharmacytics.com,False
62665618,https://acibademimc.com,False
62668447,https://www.pandoraintelligence.com,False
62682466,https://careers.builders.studio/,False
62708996,https://medical-x.com/contact/,False
62710370,https://beroundgroup.com/contact/,True
62716743,https://hypotheekadvies-nederland.nl,False
62738097,https://www.finqle.com,False
62741837,https://fiser.consulting,False
62750151,https://athenastudies.nl/contact,True
62775197,https://jobs.profitap.com,False
62776592,https://www.experiencedata.nl,False
62778358,https://www.stoerk-tronic.com,False
62804901,https://sabaas.nl,False
62880942,https://www.yacht.nl,False
62896245,https://werkenbij.novar.nl,False
62905910,https://www.pwnt.com,False
62932969,https://jobs.owow.io,False
62936808,https://allyourbi.nl/,True
62969145,https://www.tataelxsi.com,False
62985051,https://bidmath.com,False
63013274,https://www.aupair-agency.nl/en/,True
63036576,https://unknown-universityas.com,False
63049031,https://www.tenderworks.com,False
63052725,https://www.hartwigmedicalfoundation.nl,False
63064707,https://metafactory.nl,False
63092522,https://www.enersea.nl,False
63114909,https://www.pva.net,False
63119986,https://www.senseglove.com,False
63134462,https://dspeople.nl,False
63145014,https://sustainer.nl,False
63168197,https://www.tandartspraktijkreusel.nl,False
63169231,https://avantarte.com/support/contact,True
63214458,https://www.nweurope.eu,False
63217821,https://quantoz.com,False
63269430,https://rompslomp.nl,False
63279940,https://trunkrs.nl,False
63282801,https://nrgimports.nl,False
63289733,https://www.ethosbc.com/emea,True
63299658,https://www.climate-kic.org/contact-us/,False
63330164,https://www.forza-refurbished.nl,False
63332531,https://www.kuriyama.eu,False
63343673,https://noblq.com,False
63348322,https://www.bannerwise.io/about-us,True
63350726,https://jobs.channelengine.com//#jobs-c88dea0d,False
63353962,https://werkenbijtopic.nl,False
63386283,https://www.sciosense.com,False
63399113,https://www.ampleon.com/contact.html,True
63421194,https://www.khchemicals.com,False
63423715,https://topicus.nl,False
63458926,https://verifi3d.xinaps.com,False
63479540,https://www.gemeentegids-nederland.nl,False
63492296,https://www.hochtief.nl,False
63498138,https://www.beyondsports.nl/careers,True
63501090,https://www.eclipsegroup.nl,False
63504278,https://www.vermeuleningenieursbureau.nl,False
63510170,https://www.hanlun-bv.com,False
63511037,https://www.fg-robosys.com,False
63527669,https://misacor.nl,False
63536846,https://yourexpats.nl,False
63545861,https://www.mukwegefoundation.org,False
63550547,https://www.a2z-cm.com,False
63551535,https://www.stage-usa.com,False
63555913,https://www.etpa.nl,False
63567385,https://mygpstracker.nl/contact/,False
63583437,https://www.nosawaamsterdam.nl,False
63586088,https://orsted.nl,False
63605929,https://careers.deliveroo.co.uk,False
63634511,https://www.proqr.com,False
63645882,https://www.florafoodgroup.com,False
63648938,https://www.in60seconds.nl/over-ons/vacatures/,False
63649292,https://www.florafoodgroup.com,False
63650118,https://www.florafoodgroup.com,False
63654954,https://www.kistos.nl,False
63657287,https://www.netcapital.nl,False
63664682,https://feedbackfruits.com,False
63677733,https://kaanarchitecten.com,False
63682281,https://temper.works,False
63685124,https://www.vanamersfoortracing.nl,False
63693771,https://zoofy.com,False
63699508,https://www.omori.eu,False
63711443,https://get-e.com,False
63719444,https://12build.com,False
63735210,https://flevoberry.nl,False
63738066,https://www.ryberghealthcare.com,False
63746492,https://simreka.com,False
63774801,https://www.sinojobs.com,False
63796473,https://davincitrading.com/careers/,False
63823365,https://restaurantrecht-apeldoorn.nl,False
63832690,https://here.navigation.com,False
63846683,https://www.vi-tech.nl,False
63925044,https://www.treecon.nl,False
63945630,https://mirhosting.com,False
63961350,https://www.all4trade.nl/,True
63975254,https://www.luxs.nl,False
63976404,https://scatec.com,False
63996901,https://www.otrium.nl,False
64006492,http://korned.org,False
64013553,https://pacmed.recruitee.com,False
64024989,https://flix.careers,False
64027872,https://xite.recruitee.com,False
64101339,https://avy.eu/join-the-team,True
64108171,https://www.brimit.nl/contacten,False
64109739,https://www.jobsindetechniek.nl/bedrijfspresentatie/bambooder-biobased-fibers-b-v-/,True
64128601,https://nextdriver.nl,False
64135802,https://www.vacaturevia.nl,False
64139980,https://www.elite-engineers.nl,False
64168387,https://innso.nl,False
64190242,https://stadsgids.nl,False
64214648,https://www.maykinmedia.nl,False
64215318,https://agvinternational.com/en/vacature-mechatronica-engineer/,True
64230538,https://www.brandarticulations.com/,True
64234452,https://waterproofbv.com,False
64235254,https://dallasgrp.com/contact-us/,False
64256057,https://frontrunners.com,False
64288412,https://careers.coty.com//go/Open-Positions/8765801/,False
64305635,https://careers.samotics.com,False
64327744,https://www.hetmarktonderzoeksbureau.nl,False
64335763,https://www.timechimp.com,False
64391043,https://www.flexport.com,False
64396657,https://iiic.nl,False
64460789,https://climatefundmanagers.com/careers-and-internships/,False
64462846,https://alfen.com/nl/vacatures,True
64473120,https://www.hudl.com,False
64529096,https://e-trailer.nl,False
64531775,https://amsterdamlifesciencesdistrict.nl,False
64575799,https://techwave.net,False
64582868,https://ikrabakeries.nl,False
64587738,https://www.toa.nl,False
64616576,https://www.bluebillywig.com/nl/contact/,True
64623505,https://thecompound.nl,False
64629260,https://www.restaurants10.com/NL/Ridderkerk/408997975865917/Mountain-Spring-Sushi-King,False
64636046,https://www.openweb.nl,False
64651126,https://careers.ceadgroup.com/about-cead/,False
64654001,https://nieuwsuitappingedam.nl,False
64656608,https://atithi.nl,False
64660109,https://kahramanbv.nl,False
64665054,https://jobs.hunkemoller.com,False
64689425,https://pro-liquid.com,False
64710815,https://helloprint.recruitee.com,False
64713032,https://www.brainbox.consulting/talent/contact-us/,True
64714098,https://e-kytex.com,False
64721868,https://www.uncinc.nl,False
64725189,https://www.thethingsindustries.com,False
64731820,https://www.sunocolp.com,False
64734285,https://www.intk.com,False
64755177,https://fenixoutdoorlogistics.com,False
64758990,https://amsterdam.tech/vacancies/,True
64768147,https://werkenbijtopicus.nl,False
64773043,https://www.petiteamelie.nl,False
64784541,https://axxaz.nl,False
64789195,https://vaxxinova.com,False
64789616,https://www.thenetworkers.nl,False
64792447,https://www.kenners.nl,False
64815323,https://msamlin-insurance.nl,False
64850269,https://localhr.co,False
64858316,https://careers.bronkhorst.com/,False
64860817,https://www.jobsonline.nl,False
64871819,https://vergelijkdirect.com,False
64930246,https://reanda-netherlands.com,False
64954188,https://acecompany.nl,False
64959910,https://nxfiltration.com,False
64963896,https://www.netaxis.be,False
64967743,https://www.convious.com/contact,False
64977110,https://owliejobs.com,False
65007964,https://www.rodelta.com,False
65039033,https://www.exenglobal.nl,False
65094573,https://www.ekster.com,False
65173821,https://www.wmcgroup.com,False
65179935,https://nl.works,False
65193261,https://orthonieuwegein.nl,False
65202260,https://isocarp.org,False
65211820,https://www.keen.design,False
65250281,https://v8architects.nl,False
65256336,https://confocalnl.com/contact-support/,False
65264827,https://www.topcargo.nl,False
65286073,https://www.fornova.com,False
65304209,https://www.workingatcelestia.com/,False
65310489,https://www.bullsanddogs.com/van-woustraat/,False
65335740,https://www.lavatherapeutics.com,False
65393449,https://sparkelon.com,False
65397924,https://kiswire-nhy.com,False
65426479,https://jobs.dexterenergy.ai,False
65426959,https://chargetrip.com/contact,False
65429222,https://career.luxoft.com,False
65436849,https://microsure.nl,False
65463838,https://www.vibestechnology.com,False
65464079,https://www.inventronics-co.com,False
65476417,https://www.we4sea.com,False
65582845,https://liveworkstudio.com,False
65600339,https://geniox.com,False
65607996,https://novades.nl,False
65609263,https://www.traxion.com,False
65630688,https://vsparticle.com,False
65676890,https://www.wurck.nl,False
65683722,https://www.mrestart.nl,False
65687558,https://www.mts-banen.nl,False
65717058,https://www.d-tt.nl,False
65727746,https://exelerating.com,False
65748204,https://konnektus.nl,False
65757319,https://boldsmartlock.com/nl/impressum,True
65759028,https://chapmanbright.com/about/our-careers/,False
65769473,http://www.ethnicchic.com,False
65782224,https://www.jobsonline.nl,False
65821882,https://www.itonomy.nl,False
65827333,https://magnet.me,False
65859812,https://www.parapy.nl,False
65860012,https://kopano.com,False
65889223,https://tank.nl,False
65911415,https://www.rademacherdevries.com,False
65914031,https://www.terra-inspectioneering.com,False
65940512,https://thenewamsterdamgroup.com,False
65959124,https://www.ersg-global.com,False
65968379,https://majesticvenues.nl,False
65975812,https://www.alphens.nl,False
65982584,https://www.canpack.com/contact-details/,False
66007593,https://www.agriwatch.nl/,True
66013283,https://www.maa.nl,False
66023068,https://www.alcoa.com/global/en/who-we-are/locations,True
66026547,https://www.hollisglobal.com,False
66043077,https://www.linkedin.com,False
66057167,https://enphase.com,False
66059178,https://rockpayroll.nl,False
66101190,https://www.xip.nl,False
66104742,https://mosameat.com,False
66137829,https://payrolling-gids.nl,False
66153026,https://www.newarmstrong.nl,False
66169240,https://erickvanegeraat.com,False
66171458,https://wattsonpower.nl,False
66185599,https://www.bcgplatinion.com,False
66193850,https://ccasianmarket.nl/,False
66214122,https://www.wrangu.com,False
66218241,https://tandartsenpraktijkbakel.nl,False
66220912,https://www.visufarma.com,False
66234271,https://www.smartland.nl,False
66237165,https://it-button.com,False
66239974,https://readar.com,False
66243971,https://balancedforce.net/en/jobs/,True
66261627,https://thrivechiropractic.nl,False
66264111,https://www.nexperia.com,False
66267609,https://www.commonaffairs.nl/,False
66276721,https://www.livewall.nl,False
66314542,https://www.braincreators.com/,True
66325153,https://www.bambi-medical.com/the-bambi-belt,True
66349389,https://www.mm-metal-recycling.com,False
66377021,https://www.alcoenergy.com/vacatures/,True
66388767,https://debanensite.nl,False
66390990,https://www.dyno-chiptuningfiles.com,False
66393922,https://lens-energie.nl,False
66398932,https://shareimpactaccountants.nl,False
66400066,https://www.balemastereurope.com/nl/vacatures/,True
66404711,https://hardwear.io,False
66408520,https://sleepyp.com,False
66427576,https://myport.portofamsterdam.com,False
66430437,https://www.xeelas.nl,False
66432294,https://biogenerationventures.com/,True
66440483,https://qbaylogic.com,False
66449898,https://www.nalog.nl,False
66499461,https://sanderstax.nl,False
66519535,https://linkthings.com,False
66521378,https://careers.eurofiber.com,False
66531772,https://www.revantage.com,False
66581303,https://www.aeodirectory.com,False
66588588,https://www.3x3unites.com,False
66590671,https://www.altumconsulting.co.uk/,True
66640504,https://www.twintos.com,False
66655404,https://www.dialoguetrainer.com,False
66655552,https://careers.payconiq.com,False
66658985,https://www.bas-recruitment.nl/vacatures,True
66682037,https://unisun.energy,False
66706858,https://www.lipocoat.com,False
66717809,https://gitnation.org,False
66731313,https://nl.fieldfactors.com,False
66740002,https://onderzoekers.nl,False
66741246,https://fountainheadint.nl,False
66754607,https://www.blueheartenergy.com/contact,True
66803209,https://www.chiro-fysio.nl,False
66808006,https://jobs.bunge.com,False
66819083,https://bioenergynetherlands.nl/,True
66822467,https://human-healthcare.nl,False
66831148,https://360kas.com,False
66836328,https://t0k10.com,False
66873843,https://www.grasple.com,False
66876699,https://www.pal-v.com,False
66881013,https://www.manueeltherapeuthilversum.nl,False
66882907,https://vitroscan.nl,False
66929482,https://www.pure-services.eu,False
66955572,https://www.ellbru.nl,False
66961246,http://www.goudenreserves.com,False
66965624,https://bcp-nv.com,False
66994292,https://spotlergroup.com,False
67038476,https://menlocoaching.com,False
67055400,https://www.pharmathen.com,False
67064043,https://www.directimpact.online,False
67075487,https://www.ikimarine.com,False
67078583,https://careers.brenger.nl/,True
67084737,https://trioinvest.nl,False
67086497,https://www.tronox.com,False
67100740,https://www.sequalservices.nl,False
67120199,https://chemicalparks.eu,False
67150179,https://hi.somnox.com,False
67163610,https://tmfilters.com,False
67171656,https://theoceancleanup.com,False
67177565,https://hid.amsterdam,False
67232868,https://www.jobsonline.nl,False
67261159,https://jdejonge.com,False
67261701,https://nl.pragmaworld.net,False
67265502,https://www.wolfpackit.nl,False
67282687,https://nebras-power.com,False
67296386,https://russellinvestments.com,False
67304311,https://www.8-lakes.com,False
67316573,https://www.emaroffshoreservices.com,False
67316905,https://www.mtrl.bike,False
67333389,https://www.jobsonline.nl,False
67335160,https://www.hokuyo-aut.jp,False
67343295,https://flexous.com,False
67363571,https://www.sobolt.com,False
67378536,https://morv-adviseurs.nl,False
67392113,https://www.payingit-international.com,False
67397972,https://equileap.com,False
67440207,https://www.e3benelux.eu,False
67467156,https://epiphany-rbc.com,False
67513247,https://www.ledstores.nl,False
67520480,https://wikkelhouse.nl,False
67524524,https://365werk.nl,False
67528996,https://innspire.nl,False
67534554,https://nl.deedmob.com,False
67549608,https://www.kiltoprak.com,False
67635180,https://assetpeople.com/,True
67644694,https://www.arena-aviationcapital.com/contact,True
67657621,https://www.gbmworks.com,False
67684831,https://www.vos-prodect.com,False
67709826,https://dev.easygenerator.com,False
67713696,https://werkenbijtopic.nl,False
67740073,https://www.cbinsights.com,False
67798357,https://debanensite.nl,False
67810098,https://vanderwal.company,False
67815294,https://www.qualys.com,False
67852815,https://teampcn.com,False
67864201,https://www.boreasmaritime.com/services,True
67925332,https://www.oilinvest.com,False
67984576,https://www.radix-trading.com,False
67992358,https://montel.energy,False
68000545,https://www.spidron-weco.com,False
68014139,https://talents.yesdelft.com,False
68022530,https://www.summum.engineering,False
68069464,https://xeamos.com,False
68070950,https://mercurna.com,False
68082088,https://valuemetrics.nl,False
68093276,https://uitzendwerk.eu,False
68114710,https://velocitytrade.com,False
68134673,https://www.sirius-medical.com,False
68170580,https://www.kadans.com,False
68240023,https://www.findest.com,False
68244673,https://peelpioneers.nl,False
68253427,https://werkenbij.straightlineleadership.com,False
68278195,https://fulbright.nl,False
68300417,https://bdairy.com/contact-us/,True
68331401,https://zepp.solutions,False
68338562,https://sail-investments.com,False
68341709,https://mrprezident.com,False
68346832,https://momomedical.nl,False
68358318,https://microprecision.com,False
68414889,https://www.sitime.com,False
68416636,https://www.soundclaims.com,False
68420765,https://www.webinargeek.com,False
68426690,https://www.kit.nl,False
68437978,https://vruchtvlees.com,False
68445326,https://www.bureauschmidt.nl/vacatures/,False
68473370,https://www.solnet.group,False
68479441,https://www.yobbers.com,False
68481721,https://iamfluidics.com,False
68483198,https://www.vaneigens.com,False
68523289,https://www.bluedotcorp.com,False
68523777,https://www.mainblades.com,False
68526075,https://www.routigo.com,False
68532741,https://www.latentview.com,False
68561172,https://consulting.mapnederland.nl,False
68561369,https://www.gova-benelux.com,False
68571240,https://www.weare5values.com,False
68591950,https://www.babysits.nl/over-ons/bedrijfsgegevens/,True
68597711,https://www.ingenieursopzuid.nl,False
68600666,https://severfield.tool2match.nl,False
68601271,https://dathuis.nl,False
68602510,https://www.deggroep.nl,False
68604084,https://www.hellokaleido.com,False
68606176,https://paardenbedrijf.nl,False
68639902,https://careers.promaton.com,False
68642547,https://www.ceatspecialty.com/gb,False
68643551,https://www.royal-ingredients.com,False
68650779,https://www.cargosnap.com,False
68663684,https://inone.com,False
68666446,https://www.factris.com,False
68666640,https://talents.yesdelft.com,False
68673280,https://inco-drilling.com,False
68730306,http://www.ccicnl.com/en/contact/contact,False
68731124,https://amisys.org/,True
68740883,https://www.verkerk.com,False
68782209,https://www.bureaulist.nl,False
68802722,https://www.zoncoalitie.nl,False
68805039,https://maverickderivatives.com,False
68836562,https://www.thoughtlinetech.com,False
68855966,https://restau.nl/vacatures,False
68862555,https://www.amityschool.nl/about/vacancies,True
68876661,https://www.recoy.com,False
68879377,https://fujitrading.nl,False
68897634,https://belastingadviseur-wijzer.nl,False
68902093,https://bluedynamic.cz,True
68902107,https://moreoptimal.com,False
68922906,https://outbirds.nl,False
68933886,https://www.awaretrain.com/nl-nl/contact/,True
68935471,https://www.chint-electrics.nl/,False
68943865,https://kooduu.com,False
68961774,https://www.space4good.com,False
68993218,https://www.shosho.nl,False
68998074,https://www.cognitomedia.com,False
69044678,https://timpelmedical.com,False
69073422,https://www.eresm.nl,False
69075018,https://magnet.me,False
69085625,https://tpnieuwesteen.nl,False
69096066,https://boomerangagency.com/,True
69096147,https://pieceofmagic.com,False
69097844,https://www.ochtendmensen.nl,False
69106460,https://www.ease2pay.com,False
69122970,https://odura.nl,False
69125619,https://www.venzagroup.com,False
69127697,https://www.vasco-consult.com,False
69197059,https://www.dpoconsultancy.com,False
69200556,https://www.newenergycoalition.org,False
69220085,https://www.20face.com,False
69222150,https://desaconstruction.nl,False
69246416,https://careers.imc.com,False
69261245,https://priortc.nl,False
69295611,https://agiliz.com,False
69302510,https://www.pxlchemicals.com,False
69303010,https://www.oncodeaccelerator.nl,False
69337659,https://www.fev.com,False
69341648,https://concr3de.com/,False
69350604,https://www.timeandstyle.com,False
69363951,https://www.brookz.nl,False
69366764,https://adept-view.com,False
69385912,https://www.leanplum.com,False
69398100,https://mdgo.nl,False
69408645,https://orangecapitalpartners.nl,False
69414335,https://www.siemens-healthineers.com,False
69438234,https://www.globetrotters.world,False
69445389,https://www.soundenergy.nl,False
69450064,https://geertsdieptrekken.nl,False
69486549,https://www.qlayers.com,False
69505160,https://www.aiden.eu/werken-bij-aiden/,True
69507090,https://www.raise3d.com,False
69509166,https://angaraglobal.com,False
69516219,https://www.securiguide.nl,False
69531285,https://www.krypc.com,False
69541000,https://fortrum.com,False
69545200,https://www.wilhelmsen-ahrenkiel.com,False
69556008,https://valcon.com,False
69592888,https://www.marketaxess.com,False
69597774,https://www.marketaxess.com,False
69611033,https://www.vistarmedia.com,False
69611513,https://www.hines.com,False
69615101,https://www.fortna.com,False
69616957,https://novioq.com,False
69631557,https://www.asml.com/en/careers,True
69641374,https://staelrecruitment.nl,False
69645388,https://brandclick.nl/nl,True
69646090,https://www.robopharma.com,False
69672326,https://www.pielkenrood.net,False
69705623,https://www.eleo.tech,False
69710201,https://trend.nl/afdelingen/trend-people-amstelveen,False
69720908,https://www.spark-nano.com,False
69722536,https://www.jobs.accell-group.com,False
69725284,https://www.asimo.nl/,True
69759103,https://www.laterite.com,False
69760500,https://dutchcodingcompany.com,False
69767491,https://www.janestreet.com,False
69780625,https://www.leaseplan.com,False
69787697,https://lanubia.com,False
69802874,https://www.twin-tech.nl,False
69865655,https://www.takisada-nagoya.jp,False
69885397,https://www.koinworx.com,False
69907374,https://www.sanoco.com,False
69909865,https://www.werkenbijomexom.nl,False
69912513,https://www.oliverjames.com,False
69933332,https://lifetri.nl,False
69946523,https://artificialcore.com,False
69952957,https://yourflow.eu,False
69954844,https://careers.southpole.com,False
69961050,https://moss.amsterdam,False
69983208,https://www.santen.eu,False
70007284,https://naturebiofoods.eu,False
70011346,https://road.io,False
70021074,https://lurfs.nl,False
70028176,https://narrativelabs.nl,False
70032726,https://bluestone.nl/partners/requitment-agencies/,True
70033803,https://npp-power.eu,False
70034915,https://assetinsight.nl/nl/werken-bij,True
70051224,https://speak-see.com,False
70063915,https://stefanini.com,False
70093539,https://www.internationalbg.com,False
70126100,https://www.bambi-medical.com/the-bambi-belt,True
70126313,https://www.eversheds-sutherland.com,False
70135177,https://pro-gress.nl,False
70137064,https://www.synisys.com,False
70144583,https://dotrobot.nl,False
70148821,https://lifetri.nl,False
70154252,https://www.gobiond.com/,True
70155844,https://www.gemeentegids-nederland.nl/bedrijven/capte-b-v/,False
70158797,https://www.xing.com,False
70207410,https://www.sentryx.nl,False
70271070,https://www.macaw.nl,False
70282994,https://www.sasja-careers.nl,False
70287872,https://www.sustenso.nl,False
70292140,https://www.burtonhamfelt.nl/about,False
70299226,https://uab-online.com,False
70302669,https://www.codenomads.nl/,False
70304580,https://www.bridgefund.nl/werken-bij/contact/,True
70311765,https://fruitsolute.com/nl/karriere,True
70325960,https://notarisleskens.nl,False
70326525,https://www.dekimo.com,False
70341079,https://www.centrumgroei.nl/vacatures/,True
70358966,https://www.rubrik.com,False
70366640,https://smtzorg.nl,False
70367965,https://ips-supply.com,False
70370281,https://blockbax.com/,True
70402019,https://indebuurt.nl,False
70427585,https://www.amberscript.com/nl/transcribent/,True
70456674,https://werkenbijcatalyze.nl/vacature/werkstudent_recruitment/jpnlxbh3b/,False
70490503,https://sterrk.nl,False
70512590,https://titansalt.com,False
70528500,https://scenius.nl,False
70539952,https://www.metabolic.nl,False
70540136,https://www.metabolic.nl,False
70546932,https://microbe-lab.com,False
70552762,https://www.tomdavid.nl,False
70563748,https://www.base27.eu/,True
70573670,https://vanderwal.company,True
70573980,https://www.faamarchitects.nl,False
70581630,https://dumela.pro,False
70635269,https://lyfo.com,False
70645884,https://p1travel.recruitee.com,False
70650284,https://www.europeandentalgroup.eu,False
70658188,https://unusualpayroll.com,False
70682879,https://parsionate.com,False
70692947,https://www.tua.nl,False
70694389,https://stellartaxadvice.com,False
70698708,https://mo4.io,False
70711062,https://www.dent2dent.nl,False
70728550,https://dirk-spiers.squarespace.com,False
70750300,https://www.webbouwers.com,False
70753229,https://fmsfens.nl,False
70754101,https://blokhuispoort.frl,False
70761892,https://legacy.triply.cc,False
70768668,https://skilllab.io,False
70786828,https://www.assistyou.ai/jobs-lead-deveoper,True
70827540,https://www.battolysersystems.com/careers,True
70830118,https://rivoircapital.nl,False
70862109,https://www.technologycatalogue.com,False
70866414,https://www.nedstar.com,False
70880565,https://broadstreet.nl,False
70880832,https://www.hapsalons.nl/arnhem/cozy,False
70884048,https://www.properfectrestyling.nl,False
70886393,https://www.vog-aanvraag.nl,False
70894027,https://www.cvmaker.be/contact,False
70913358,https://jobs.hunkemoller.nl,False
70929238,https://vanstorm.nl,False
70932271,https://neewee.ai,False
70947481,https://www.sempre-technology.com,False
70959250,https://www.angloeastern.com/careers/,True
71017216,https://ananda.digital/,True
71032258,https://abdent.nl,False
71046364,https://www.marquistech.com,False
71053913,https://cryosol-world.com/careers/vacancies/,False
71056386,https://careers.venturasystems.com,False
71058176,https://cardiacbooster.com/,False
71077669,https://globalpeople.nl/contact/,True
71080562,https://deity.com,False
71093346,https://sunrock.com,False
71097937,https://www.klookcareers.com,False
71111212,https://dutchqargo.com,False
71112200,https://www.hesinternational.eu,False
71137777,https://thorizon.com,False
71159916,https://www.cmdautomotive.nl/,False
71160906,https://www.accentia.nl,False
71172262,https://eflowers.nl,False
71179569,https://tower-research.com,False
71181822,https://www.infor.com,False
71183477,https://www.deltadiagnostics.nl,False
71183787,https://oneplace.marketplanet.pl,False
71189424,https://www.nouryon.com,False
71191690,https://www.yoursoftwarebetter.nl,False
71197621,https://montis-q.nl,False
71213376,https://www.mufgemea.com,False
71213791,https://orange-quarter.com,False
71216529,https://www.wskmedical.org,False
71240918,https://www.vdlcropteqrobotics.com,False
71267522,https://ai-infrasolutions.com/nl/vacatures/back-end-developer,True
71269061,https://www.tandartsenpraktijksonsbeekpark.nl,False
71284443,https://womoarchitects.com,False
71305491,https://www.aig.lu/en/home/careers,True
71318097,https://tandartspraktijkzilverkamp.nl,False
71357637,https://riverbiomedics.com,False
71376518,https://amperapark.com/,True
71376666,https://www.remotehands24-7.com,False
71393129,https://intermissionfilm.com,False
71397930,https://ltpimpex.com,False
71416269,https://www.digigamma.com,False
71416927,https://careers.jenbacher.com,False
71476717,https://www.gain.pro,False
71493166,https://www.zycus.com,False
71512799,https://eu.vandapac.com,False
71523839,http://mostenmedia.com,False
71527222,https://flix.careers,False
71538887,https://vecima.com,False
71543813,https://www.gebhardelectro.com,False
71551034,https://brainbay.nl/over-ons/werken-bij/,True
71555730,https://mileway.com,False
71561242,https://bonemasterseurope.eu/,True
71572422,https://www.stepstone.nl,False
71575529,https://photosynthetic.nl,False
71586334,https://giga-storage.com,False
71586474,https://trig-avionics.com,False
71613722,https://careers.mapletree.com.sg,False
71626336,https://www.scdiscoveries.com,False
71626913,https://vormats.com,False
71629610,https://ipractice.nl,False
71639314,https://sed.fund,False
71642862,https://www.mastek.com,False
71659374,https://baseflow.com/contact,True
71663533,https://nieuws.btcdirect.eu/careers-blox/,True
71677224,https://gbeconverge.com,False
71713190,https://www.hydraloop.com,False
71718192,https://lumolabs.io,False
71725385,https://www.ammeraalbeltech.com/en/knowledge-center/jobs-and-careers/,True
71725784,https://www.aako.nl,False
71738185,https://skyworkz.nl,False
71751793,https://intoanalytics.eu,False
71759735,https://socfin.nl,False
71778705,https://www.jobsindetechniek.nl/bedrijfspresentatie/amst-aviation-b-v-/,True
71796371,https://datachef.co,False
71819053,https://www.mp-ace.eu,False
71838392,https://www.bizbloqs.com/nl/vacatures-a/,True
71840656,https://www.nextlogic.nl,False
71844570,https://opengeohub.org,False
71844732,https://www.redefineeurope.nl,False
71845178,https://www.vitol.com,False
71866078,https://cenexgroup.nl,False
71881972,https://app.otta.com/companies/CodeSandbox,False
71883800,https://allchiefs.nl/bij-ons-werken/,True
71889027,https://www.centrient.com/,False
71894225,https://www.terraproteinequity.com,False
71902023,https://www.hostcircle.nl,False
71903488,https://www.uvaventures.nl,False
71904387,https://dyme.app,False
71928162,https://www.burk-consulting.nl/,False
71935215,https://www.nicemakers.com,False
71935347,https://werkenbijvermeer.com,False
71943668,https://vs-t.nl,False
71992014,https://fieldworkcompany.nl,False
72008776,https://www.super-b.com,False
72010355,https://www.hackrentmeesters.nl,False
72016930,https://www.gorkahalal.nl,False
72036494,https://www.trinamics.nl,False
72038047,https://brandequipment.eu/nl/,True
72043466,https://www.digitalsurvivalcompany.com,False
72062010,https://www.fujioileurope.com,False
72063920,https://cteleport.com/,False
72082860,https://beursbengels.nl,False
72093919,https://www.i4talent.nl,False
72109033,https://careers.stravito.com,False
72109106,https://www.thomasmiller.com,False
72111151,https://meteenzorg.nl,False
72117583,https://angiogenesis-analytics.nl/,True
72131632,https://www.cloudnation.nl/werken-bij,False
72133481,https://talpanetwork.com,False
72136030,https://www.bellingcat.com,False
72138025,https://www.primedentalalliance.com,False
72152729,https://www.mesoline.com,False
72161701,https://www.kuijpers.nl,False
72187476,https://www.petshops1.com,False
72188162,https://cabfab.nl,False
72193565,https://boostingalpha.com/,True
72211342,https://www.lloydsbank.nl,False
72231564,https://evbio.tech,False
72237414,https://atlasnetworks.nl/vacatures/glasvezel-engineer-junior/,True
72238542,https://www.agridatainnovations.nl/vacancies/were-always-looking-for-people,True
72271175,https://www.sboh.nl,False
72282738,https://informatiegidsen-nederland.nl,False
72283939,https://www.igne.nl,False
72284404,https://www.sensorfact.eu,False
72306432,https://levazorg.nl,False
72312491,https://www.clustaur.com,False
72316721,https://www.jobsonline.nl/bedrijfspresentatie/chainn-b-v-/,False
72334789,https://air-paq.eu/,True
72377437,https://www.solidprofessionals.nl,False
72382201,https://jobs.gamesindustry.biz,False
72481617,https://lucid.co,False
72513039,https://altadent.nl/,True
72524804,https://www.headlandstech.com,False
72525037,https://www.otcflow.com,False
72525053,https://nwophysics.nl,False
72535180,https://bedrijven.com,False
72541644,https://www.effectory.com,False
72552875,https://www.walraven.com,False
72589795,https://fourco.nl,False
72595752,https://careers.channext.com/,False
72607440,https://www.edfeurope.org,False
72617217,https://www.courierslist.com/detail/netherlands/eindhoven/ocean-freight-companies/1002582/chaincargo-bv,False
72627794,https://forpeople.com,False
72631899,https://www.europages.co.uk,False
72632402,https://www.i2d.consulting,False
72634642,https://jvst.nl,False
72638974,https://xbpeurope.com,False
72658622,https://3scsolution.com,False
72668237,https://www.clearbluemarkets.com/our-team,False
72697881,https://www.scantrust.com,False
72698306,https://airportpartners.nl,False
72715898,https://www.worldfirst.com,False
72720476,https://www.fairtradeoriginal.nl,False
72743468,https://nomilk2dayengineering.nl,False
72758325,https://www.simodontdentaltrainer.com,False
72768916,https://www.itsolutionsworldwide.com,False
72782234,https://datalane.nl/en/careers,False
72783222,https://lami-europe.nl,False
72797517,https://bilgeadamtechnologies.com/,True
72799498,https://hrfocus.multichoice.com,False
72808446,https://www.wavetronica.com,False
72824522,https://www.secondcompany.nl,False
72828749,https://eng-square.com,False
72830220,https://www.goodmesh.nl,False
72839511,https://www.cleanna.com/,False
72843446,https://thedatacooks.com,False
72859121,https://orangecapitalpartners.nl,False
72862106,https://www.areaofpeople.com/,True
72869712,https://www.pillowshotels.com,False
72875186,https://shaerp.com,False
72876700,https://zerotrillion.com,False
72881437,https://zerotrillion.com,False
72885327,https://cimporglobal.com/,False
72902655,https://www.globuya.com,False
72913983,https://www.jobsonline.nl,False
72928069,https://www.sennder.com,False
72954590,https://circonica.com/,False
72959916,https://www.odd.bot,False
72973730,https://thesajeria.com,False
72975784,https://www.calcit.si/en/company/location/,False
72991828,https://hijamashop.eu,False
72997303,https://krk.nl,False
73006610,https://www.regnology.net,False
73015253,https://www.mediterracapital.com,False
73015822,https://endeavour.nl,False
73028711,https://app.otta.com,False
73040398,https://home.barclays/careers/,True
73059277,https://careers.snowflake.com,False
73076872,https://www.ammp.io/,True
73091456,https://www.perfectkado.nl,False
73123404,https://www.youngliving.com,False
73146064,https://onnestechnologies.com,False
73160377,https://careers-ihq.jdepeets.com,False
73162027,https://nl.growatt.com,False
73173525,https://www.innovatest-europe.com,False
73229180,https://www.shionogi.com,False
73229326,https://graindataconsultants.com,False
73238783,https://stirlingcryogenics.com,False
73239518,https://ecnl.org,False
73239585,https://most.dev,False
73256560,https://wearebrain.com,False
73266612,https://maxwelltanks.com,False
73266965,https://hyetsolar.com,False
73269921,https://nl.knavcpa.com,False
73278025,https://orange-technologies.nl,False
73281298,https://chilasbv.com/open-positions/,False
73282944,https://solarix-solar.com,False
73286974,https://www.gamegos.com,False
73287504,https://ritsbv.com,False
73305367,https://aryo.nl/,True
73319074,https://www.mmoser.com,False
73327247,https://enzytag.com,False
73331163,https://archlynk.com/contact-us,True
73331260,https://www.i-dna.org,False
73334537,https://procesindustrie.nl,False
73348228,https://www.sire-search.com,False
73356255,https://www.yondrgroup.com,False
73371378,https://www.citc.org,False
73372099,https://ferm-diy.com,False
73381403,https://aureliusinvest.nl/,True
73381470,https://www.halalcorrect.com,False
73389579,https://www.tpvision.com,False
73422134,https://www.ferrovial.com,False
73422525,https://www.ferrovial.com,False
73473782,https://www.cvtmaarheeze.nl,False
73489379,https://www.heliabiomonitoring.com,False
73508845,https://www.betontechnieknoord.nl/,True
73525731,https://www.verhuizerstarieven.nl,False
73526967,https://bink36.nl,False
73546526,https://www.chirobalance.nl/,False
73562734,https://www.aerkoel.nl,False
73574066,https://careers.unit4.com,False
73582166,https://www.freshworks.com,False
73584460,https://www.rifgroup.co.uk,False
73586730,https://www.metabolic.nl,False
73587176,https://play.google.com,False
73641855,https://www.teads.com,False
73642746,https://careers.oatly.com,False
73643009,https://ridleyscott.com,False
73672475,https://careers.samskip.com,False
73693235,https://www.petrodec.eu,False
73728489,https://ngosafety.org,False
73729574,https://www.ml6.eu,False
73764272,https://www.vacaturevia.nl,False
73769932,https://yoshion.eu,False
73774073,https://techrise.nl,False
73807435,https://www.pressurecontrolsolutions.com,False
73811858,https://marquis-legal.com,False
73821950,https://www.pocketalk.com,False
73833177,https://www.thesmilegallery.nl,False
73839337,https://br1ght.eu/,True
73902586,https://buitelaargroup.com/careers,False
73926132,https://www.colliers.com,False
73927902,https://chiropractie-stegeman.nl,False
73930849,https://inbiome.com,False
73958476,https://www.smith-nephew.com,False
73969559,https://www.flexxy.nl,False
73994367,https://www.smal.de,False
73997633,https://www.gep.com,False
74007807,https://www.wypoon.com,False
74040723,https://argodesign.com/,True
74064940,https://seefbv.com,False
74086782,https://www.qgroup.com,False
74098896,https://www.jetbrains.com,False
74100815,https://www.yinson.com,False
74114611,https://www.realterm.com,False
74125958,https://www.oriental-city.com,False
74128256,https://www.vivcourt.com,False
74149806,https://arcadia.group/,True
74163671,https://www.bondify.com/,True
74185039,https://www.carbontrust.com/who-we-are/our-career-opportunities,False
74191217,https://elektriciensgids.nl,False
74214055,https://creamycreation.com/about#request-a-sample,False
74227939,http://studiosaam.nl,False
74260863,https://jobs.newbalance.com,False
74263544,https://jobs.drieam.com,False
74268457,https://www.onechiropracticstudio.com,False
74270338,https://e-magy.com,False
74279807,https://www.iswa.org,False
74280511,https://www.ebury.nl,False
74293087,https://jobs.docfield.com,False
74299913,https://www.breachlock.com/about/contact/,True
74306219,https://jobs.orbisk.com,False
74313460,https://vinturas.com,False
74317911,https://purosil.com,False
74341367,https://www.susphos.com,False
74343874,https://www.img-group.nl,False
74390767,https://amsterdamboatexperience.com,False
74421174,https://visaservicedesk.com,False
74449915,https://www.foodyas.com,False
74457659,https://careers.theheinekencompany.com,False
74457780,https://hygro.nl,False
74470345,https://www.hightechcampus-eindhoven.com,False
74472690,https://www.mulklemetaal.nl,False
74479709,https://hotzonesolutions.org,False
74482343,https://www.rocsys.com,False
74486675,https://vakantiehuisbouwen.nl,False
74491768,https://www.vanecktrailers.com,False
74493035,https://www.hand-europe.com,False
74508008,https://www.netwerkverpleegkundejobs.be,False
74526758,https://www.chrysalix.com/,False
74535137,https://www.vleugelautomation.nl,False
74541714,https://careers.phenompeople.com,False
74545574,https://ldlbouw.nl,False
74555987,https://techspire.nl,False
74556681,https://www.inter-change.nl,False
74566210,https://www.l-groep.nl,False
74621238,https://huisartsengroepeureka.nl,False
74658360,https://strattner.nl,False
74675400,https://www.namazi.nl,False
74703919,https://cfp.nl/,False
74711016,https://vismaverzuim.com,False
74720554,https://tpicap.com,False
74750534,https://c1connections.com/category/c1-connections/,False
74752103,https://www.jobsonline.nl,False
74785834,https://www.klippa.com,False
74798804,https://acmetric.com,False
74815571,https://www.zuid-limburgbusinessplaza.nl/alle-bedrijven-in-zuid-limburg/item/cerence-holding-b-v,False
74821253,https://www.elstar-dynamics.com,False
74822683,https://www.apeel.com/nl/carrieres,True
74840266,https://www.unexus.nl,False
74863223,https://fon-p.com,False
74865862,https://www.tesladc.nl,False
74867067,http://justridelogistics.com,False
74879782,https://www.blockrise.com/en/about-us/careers,True
74894595,https://www.solora.be,False
74897071,https://easyvit.com,False
74905627,https://rolduc.com,False
74911929,https://www.bisdom-roermond.nl/Vacature-diaconaal-werker-in-parochie,True
74917021,https://sour-sop.com,False
74931024,https://ellogon.ai,False
74983393,https://idh.org,False
74985515,https://www.zeta-alpha.com,False
74990209,https://www.oyak.com.tr,False
74991833,https://tmm-technology.com,False
74994530,https://mtc.com.my,False
74998110,https://www.corvusdrones.com/en/vacature-sales-manager/,False
74998544,https://www.gezondmetsalut.nl,False
75010445,https://avignoncapital.com/contact/,True
75018551,https://forcyd.com,False
75030829,https://bimregister.nl,False
75094541,https://www.aninfosys.com/candidates/vacancies/,True
75096099,https://www.thejuly.com,False
75138832,https://xiaos.nl,False
75150816,https://www.vroeghdesign.com,False
75168812,https://www.ejobs.ro,False
75174405,https://darkmatterlabs.org/jobs,False
75193639,https://www.labb.ltd,False
75197766,https://perpetualnext.com,False
75199106,https://www.felixx.nl,False
75213370,https://www.automotive-mediaventions.nl/,True
75218267,https://strs.nl,False
75223295,https://www.fluxlandscape.nl,False
75250950,https://traverse.nl,False
75256827,https://www.arcgames.com,False
75261286,https://tnp.eu,False
75275317,https://4solar.global,False
75308789,https://jobs.triviumpackaging.com,False
75315122,https://www.hanshow.com,False
75348799,https://werkenbijvismaraet.nl,False
75352176,https://www.compusult.com/careers,False
75385953,https://isolveglobal.eu,False
75407531,https://blue-radix.com/nl/vacatures/,True
75410141,https://www.pactusa.com,False
75447940,https://www.nobelrecruitment.com,False
75453088,https://hopperengineers.com,False
75464861,https://keycontroldashboard.com,False
75473127,https://generationgreen.energy,False
75500175,https://tilburg.com,False
75559625,https://okadaeurope.com,False
75566532,https://www.base-blue.com/career/global-offices-of-baseblue/groningen/,True
75586568,https://gses-system.com,False
75588730,https://careers.coty.com/go/Open-Positions/8765801/,False
75623277,https://careers.frieslandcampina.com,False
75629763,https://app.otta.com,False
75639815,https://www.jcc-holland.nl/en/chubu-electric-power-company-netherlands-b-v/,False
75668475,https://scriptix.io,False
75690276,https://ney.partners,False
75699877,https://www.renewtech.com,False
75705680,https://www.silverflow.com,False
75753820,https://industrio3d.com,False
75761149,https://h2lrobotics.com,False
75781824,https://cboost.nl/,False
75812517,https://www.fortanix.com,False
75820706,https://apolix.global/careers/job-openings/,True
75857448,https://vicotx.com,False
75868415,https://nl.gigroup.com,False
75873095,https://www.anotech.com/,True
75875969,https://www.amsystems.nl/,True
75923238,https://bbleap.com/career/,True
75958619,https://www.barentz.com/,True
75960729,https://www.fourkites.com,False
75970406,https://www.re-installaties.nl,False
75977958,https://jobs.organon.com,False
75981254,https://www.comfort.nl/vacatures/,False
75981718,https://www.build2live.nl/,False
76012034,https://www.citytriphostels.com/purmerend/contact,False
76015319,https://www.mirzacles.tech,False
76038793,https://okra.ai,False
76063267,https://www.first-privacy.eu,False
76066223,https://careers.coty.com/go/Open-Positions/8765801/,False
76068749,https://nationaalenergietraineeship.nl,False
76068951,https://www.vdlee.com,False
76083411,https://www.bme-group.com/,True
76108635,https://group.echemi.com,False
76145735,https://l-founders.com,False
76153282,https://www.dimerce.com,False
76183386,https://www.quosphere.com,False
76198340,https://career.tembo.eu,False
76203247,https://www.tbrmtechforce.nl,False
76210073,https://www.tilercharge.com,False
76235831,https://www.sioux.eu,False
76252965,https://www.freshbooks.com,False
76257525,https://hkbboiler.com,False
76279111,https://www.kccnl.com,False
76280705,https://www.mcflybrown.com,False
76293289,https://suncom-energy.com,False
76311392,https://www.digitalfoodfactory.nl,False
76316319,https://www.taaltech.com,False
76325784,https://kokvandenheuvel.nl,False
76326683,https://emkainfra.nl,False
76335534,https://rde.it,False
76342271,https://www.catville.nl,False
76350800,https://ximius.eu,False
76379329,https://pureterra.com,False
76391825,https://polpharmabiologics.com,False
76432572,https://www.azerion.com/jobs/,True
76433277,https://www.dens.one,False
76463818,https://hibino.eu,False
76467244,https://jobs.seenons.com,False
76468186,https://werkenbijmount.consulting,False
76468836,https://www.mavensecurities.com,False
76477150,http://www.tribocare.com,False
76485161,https://carbyon.com/,False
76517721,https://www.rva.nl/organisaties/care4agro-b-v/,False
76517918,https://totalenergies-gmob.inhroffice.com,False
76517993,https://www.foodqloud.com,False
76533441,https://www.azerion.com/jobs/,True
76536041,https://mettom.nl,False
76536912,https://fertilife.nl,False
76547264,https://bbdsoftware.com/,True
76559084,https://studiodrift.com,False
76564045,https://ecsens.com,False
76571300,https://www.marshberry.com,False
76571548,https://spectr.pro/werken-bij-spectr/,True
76587819,https://www.evos.eu,False
76595153,https://aupair-nanny.nl,False
76600416,https://aldowa.nl/,True
76602974,https://bluprintx.com/,True
76626784,https://easyworx.nl,False
76631761,https://eu.super73.com,False
76632393,https://avisi.cloud/careers,True
76645932,https://kaon.com,False
76649288,https://miele-x.com,False
76650669,https://magno-it.nl,False
76658007,https://www.deus.ai,False
76658821,https://www.cerqlar.com/,False
76664368,https://tridenzo.nl,False
76670090,https://blackstoneshipping.com/,True
76677834,https://symeres.com,False
76679381,https://www.unitu.nl,False
76696073,https://www.annogen.bio/home,True
76705099,https://dutchrecruitmentservice.com,False
76707644,https://bfuturist.com/,True
76708829,https://www.foundahealth.com,False
76715221,https://vitrotem.com,False
76716201,https://www.chiropractie-udenveghel.nl/praktijk/vacatures/,True
76727149,https://capitalscoalition.org,False
76791718,https://www.navingocareer.com,False
76833690,https://worldwish.org,False
76849236,https://www.securify.nl,False
76859134,https://necstgen.com,False
76867838,https://motivz.nl,False
76928756,https://www.wolfpack-dcs.com,False
76950344,https://envocon.eu,False
76956105,https://www.red-to-green.com,False
76956202,https://sabelectro.nl,False
76968634,https://pebble.net,False
77001931,https://www.vehant.com,False
77025806,https://intelligenzit.com,False
77038568,https://www.pytesess.com,False
77080793,https://transportsoderberg.com,False
77084357,https://www.cultivators.nl/vacancies/,False
77109759,https://ainazorg.nl/werken-bij/,True
77118537,https://staffyou.nl,False
77125665,https://www.syntho.ai,False
77149491,https://flo-group.com,False
77193415,https://www.health-ri.nl,False
77223837,https://sinoboom.eu,False
77227727,https://agreements.justgo.com,False
77235053,https://solvy.nl,False
77251733,https://surepay.nl,False
77260163,https://www.ncardia.com,False
77260732,https://www.hyfen.eu,False
77272749,https://sevenhillslogistics.nl,False
77296443,https://www.crownbio.com/about-us/careers,False
77330870,https://www.turff.nl,False
77331087,https://vanstorm.nl,False
77332962,https://www.thisworks.jobs,False
77342275,https://www.offerzen.com,False
77380363,https://www.ingkacentres.com,False
77384628,https://themadrasdiaries.nl,False
77417232,https://beyondconsultancy.co,False
77441257,https://www.leanix.net,False
77467507,https://tandartsenposteindhoven.nl,False
77470826,https://kinderopvangknotwilg.nl,False
77482530,https://asahi-intecc.eu/profile/,True
77488784,https://www.emi-twente.nl,False
77491505,https://tandartsenpraktijkzaandam.nl,False
77522915,https://www.bura.city/work/,False
77531019,https://rockfeather.com,False
77561619,https://cbsrenovation.nl/nl/aannemer-breukelen/,False
77572734,https://rosemanlabs.com,False
77596722,https://www.tover.care,False
77622103,https://www.jobsonline.nl,False
77630882,https://www.taax.nl/,True
77633555,https://yplusglobal.org,False
77653696,https://www.thebookie.nl,False
77657071,https://robotkittens.nl,False
77666194,https://andile.net/,True
77668421,https://axoyholding.nl/,True
77668685,https://bfuturist.com/careers/vacancies/,True
77693655,https://hotelco51.com,False
77730089,https://gezondheidscentrumvijfhoek.nl,False
77750470,https://lionvolt.com,False
77760344,https://www.cymo.nl/vacatures.html,False
77761316,https://www.foreside.nl,False
77768043,https://www.d-tt.nl,False
77778235,https://ribopro.eu,False
77810716,https://www.versuni.com,False
77824180,https://nostics.com,False
77878779,https://nooca.nl,False
77902483,https://werkenbijbgh.nl/,True
77904109,https://www.dynamiccredit.nl,False
77904419,https://ecofriendlyjobs.nl,False
77925378,https://thisplaymedia.nl,False
77930703,https://bravinci.com/contact-jobs/,True
77947134,https://refreshworks.ai,False
77949803,https://www.mega.nl,False
77976207,https://careers.eclerx.com,False
77988728,https://varunamarine.eu,False
78002613,https://solarge.com,False
78008867,https://www.varuna-sentinels.com,False
78015413,https://dtnext.nl,False
78024803,https://radtec.nl,False
78067197,https://www.ambagontx.com/contact/,True
78091624,https://tbsbv.com,False
78095549,https://www.versuni.com,False
78113083,https://www.trabotyx.com,False
78114667,https://supplai.nl,False
78123321,https://www.noria.earth,False
78153301,https://madaster.com,False
78163331,https://intenda.tech,False
78189896,https://swenap.com,False
78194628,https://aksaeurope.com/en-us/careers,True
78205123,https://www.mpc-energysolutions.com,False
78209978,https://www.offerzen.com,False
78219159,https://remote.work,False
78220521,https://leydenlabs.com,False
78278341,https://wizenoze.com,False
78301084,https://info.airspace.com/contact-us,True
78318858,https://www.alphagroup.com/about/careers/,True
78324572,https://www.metalot.nl,False
78341493,https://adaptfy.com,False
78345766,https://optimaxaccess.com,False
78348110,https://old.nornorm.com,False
78352452,https://prioont.com,False
78354617,https://www.datapebbles.com,False
78428491,https://solsticepharma.com,False
78459702,https://cloudlife.nl/,False
78462363,https://zonnepark-services.nl,False
78474728,https://efr.nl,False
78475139,https://innotractor.com,False
78484626,https://nl.fox-ess.com,False
78487811,https://www.cirroecommerce.com,False
78512867,https://egeriagroup.com,False
78515890,https://www.botaugroup.com/nl/contact/,True
78527767,https://www.fiscalecarriere.nl,False
78533465,https://argenx.com,False
78556112,https://maeve.aero,False
78581958,https://lola.land,False
78610052,https://www.cartamaeurope.com/vacancies,False
78631564,https://www.miennam.nl,False
78644739,https://www.x17group.com,False
78648777,https://www.dekimo.com,False
78688841,https://www.huntandhackett.com,False
78695775,https://www.defactourbanism.com,False
78697875,https://bubty.com/nl/company/careers,False
78702593,https://www.vectorytx.com,False
78738083,https://www.voyex.nl,False
80033946,https://www.flexport.com,False
80033970,https://www.flexport.com,False
80045944,https://breeze.social/nl/contact,True
80057640,https://werkenbij.fmgroup.fm,False
80075134,https://www.mondzorgcentrumaxel.nl,False
80178707,https://careersatconnex.com/,False
8018253,https://www.araihelmet.eu/,True
80203582,https://careers.libertyglobal.com,False
80203779,https://careers.libertyglobal.com,False
80210201,https://www.agrowizard.com/,True
8022150,https://www.bronswerk.com/,False
80257429,http://argomotorspares.com/,True
80259588,https://www.dentists10.com,False
80275303,https://broadstreet.nl,False
8027672,https://careers.aviko.com/,True
8037027,https://www.akos.nl/contact,True
80387128,https://microalign.nl,False
80416691,https://relay42.com,False
80418317,https://www.optex-europe.com,False
80429149,https://www.jobsonline.nl,False
80487939,https://www.looprobots.com,False
80490522,https://www.power2x.com,False
80495249,https://realworld-systems.com,False
80504493,https://www.beleggen.nl/Aandeel-Koers/600825581/CABKA/Profiel.aspx,False
80510132,https://www.quintet.com,False
8061324,https://www.avantes.com/about-us/jobs/,True
8064339,https://www.werkenbijbc.nl/vacaturebeschrijvingen/vacatures-b-c-international,True
80659306,https://chateraiseeurope.com/alle-vacatures/,False
8065983,https://careers.awl.nl/,True
80687628,https://www.navingocareer.com/companies/damen-shipyards-group/,False
80687725,https://careers.vysusgroup.com,False
80701876,https://www.jobsonline.nl,False
80738354,https://werkenbij.beexact.com/,True
80799140,https://www.fluidogroup.com,False
80825095,https://debanensite.nl/vacatures/csm-ingredients-benelux-nl-b-v,False
80827349,https://iqsearch.nl,False
8085412,https://werkenbij.allinq.nl/,True
80878482,https://www.bausch.nl/wie-zijn-wij/bij-ons-werken/,True
80906036,https://www.catonetworks.com/careers/,False
80907970,https://deepbranch.com,False
8091133,https://broks-messelaar.nl/,False
80911595,https://www.beyond-space.eu/,True
80923879,https://solarduck.tech,False
8093259,https://www.blekochemie.nl/,True
80956661,https://careers.rivian.com,False
80957846,https://www.bttmultimodal.nl/contact,False
80960146,https://kclegal.nl,False
80964346,https://www.quantware.com,False
80989187,https://www.legionelladossier.com,False
80990290,https://www.monoclesolutions.com,False
80990819,https://www.tapelectric.app,False
81016816,https://www.agrifoodmatch.nl/vacatures-banen-en-jobs-bij-agurotech,True
81088035,https://unitura.nl,False
81092768,https://www.hycc.com,False
81100981,https://www.sensoterra.com,False
81106343,https://hiber.global,False
81106661,https://www.universalmusic.com,False
81111797,http://tauengineering.nl,False
81114931,https://www.vivara.nl/vacatures,False
81174675,https://www.hangchaparts.com,False
81178069,https://www.tala.nl,False
81178328,https://buck.co/,False
81184476,https://www.chain-ic.com/contact,False
81195664,https://www.nouryon.com,False
81230710,https://www.iied.org,False
81259859,https://micronit.com,False
81264682,https://flo.health,False
81265212,https://www.mstgroep.nl,False
81268769,https://neelikon.co.uk,False
81278608,https://steeds.nl,False
8130406,https://www.baatmedical.com/careers/,True
81422466,https://addendovalue.nl,False
81451288,https://technisi.nl,False
81461887,https://www.amberscript.com/nl/transcribent/,True
81467958,https://aesisnet.com,False
81482701,https://www.msc-n.nl,False
81561091,https://www.ottoworkforce.pl,False
81561768,https://www.beautynailhairsalons.com,False
81589689,https://www.kyndryl.com,False
8160200,https://www.araco.nl/medewerker-borduren,True
81604831,https://hotelco51.com,False
81633009,https://flix.careers,False
81637853,https://resilientcitiesnetwork.org,False
81654308,https://www.quantile.com,False
81656335,https://playerunknownproductions.net,False
8166036,https://www.aircrete.com/,True
8166119,https://capegroep.nl/werken-bij/,False
81662076,https://www.argentex.com/company/careers/,True
8167874,https://www.btg-bioliquids.com/,False
81697201,https://barakmarketmaking.com/careers/,True
81736061,https://www.insync.jobs,False
81776896,https://kernengineers.nl,False
81812256,https://www.klingbio.com,False
81821107,https://codeclan.nl/,False
81850891,https://ankerprofessionals.nl/vacatures/,True
81852401,https://www.modulrfinance.com,False
81857268,https://www.lfi24.com,False
81872070,https://www.independentrecruiters.nl,False
81893434,https://www.truepartnercapital.com,False
81904479,https://cwnmarine.com/,False
81924305,https://www.cc7europe.com/vacancies,False
81949154,https://www.versuni.com,False
81952716,https://movetoimpact.com,False
8199103,https://bto.nu/,True
82015694,https://jobs.yunextraffic.com,False
82038759,https://t-hive.io,False
82039453,https://www.unify.energy,False
8204584,https://bizzdesign.com/,True
82068364,https://addverb.com,False
82089221,https://www.sairopa.com,False
82118043,https://www.randstadkelderbouw.nl,False
8215715,https://bruco-ic.com/,False
82161658,https://nctconsultants.com,False
82176981,https://moonlightbedding.nl,False
8220826,https://ontdekhightechtwente.nl/bedrijf/bouman/,True
82220123,https://careers.unit4.com,False
82227195,https://maxhrm.nl,False
82228477,https://www.kalpana-systems.com,False
82248915,https://d2x.com/careers,False
82271526,https://hsdcampus.nl,False
82300372,https://pluxbox.com,False
82308160,https://lumicks.com,False
82349967,https://boldergroup.com/careers/,True
82365016,https://www.pinsentmasons.com,False
82365474,https://www.eagleseven.com,False
82375453,https://mikasasports.eu,False
82382905,https://collective-jobs.nl/,False
82396930,https://senbis.com,False
82404305,https://www.ovidrive.com,False
82428360,https://topchiro.nl,False
82448825,https://www.inventanalytics.com,False
82453403,https://rapidemic.com,False
82470480,https://obviouspeople.com,False
82483027,https://www.axelera.ai/careers,True
82484260,https://www.equineintegration.com,False
82510245,https://jobs.flatexdegiro.com,False
82517622,https://www.quadztech.com,False
82520267,https://diamondclientconsulting.com,False
82534241,https://werkenbij-ubq.nl,False
82536775,https://vacatures.forus.io,False
82554935,https://www.taxameter.nl,False
82589909,https://www.sygna.com,False
82591326,https://ampowr.com/nl/over-ons/vacatures/,True
82644845,https://www.bluealp.nl/,True
82678499,https://www.fullcirclewindservices.com,False
82716889,https://www.lensor.ai,False
82719322,https://hmhw.com,False
82733473,https://nl.level.works,False
82785252,https://treasurup.com,False
82894280,https://corp.i-pro.com,False
82895856,https://reynard.nl,False
82936080,https://about.codean.io/,False
82948445,https://zoeken-mijn.s-bb.nl,False
82952450,https://www.bfconsultancy.com/,True
83000828,https://www.dataiku.com/careers/,False
83019960,https://trius.nl,False
83023410,https://superimposearchitecture.com,False
83042091,https://www.philips.nl,False
83062378,https://www.jobs.accell-group.com,False
83106723,https://infotopics.nl,False
83109455,https://maze-subsidies.com,False
83120564,https://www.livedrop.eu,False
83137238,https://milberg.nl,False
83138498,https://www.vacaturevia.nl,False
83218025,https://rootline.com,False
83219412,https://e-tailize.com,False
83261699,https://securitydelta.nl,False
83303308,https://bluedynamic.cz/nl/carrieres/,True
83321918,https://ras-techniek.nl,False
83351574,https://allseas.com/careers/,True
83354263,https://www.evos.eu,False
83374779,https://jois.nl,False
83405496,https://restaurantefeze.nl,False
83457941,https://thefellasads.com,False
83482059,https://www.caely.com/,False
83545824,https://www.smile-dent.nl,False
83564926,https://www.innobioglobal.com,False
83595384,https://www.sojitz.com,False
83709509,https://landing.maven11.com,False
83774505,https://sailogistic.nl/,True
83774947,https://vayapay.com,False
83775285,https://freshstream.com,False
83796797,https://newtone.nl,False
83813330,https://securitydelta.nl,False
83832424,https://tavant.com,False
83859675,https://www.geosoftware.com,False
83865942,https://www.mpi.nl,False
83869794,https://orange-quarter.com,False
83894160,https://hyethydrogen.com,False
83905308,https://www.ams-green.com/careers/,True
83971246,https://insynergy.nl,False
84039841,https://www.jobat.be,False
84068779,https://ana.nl/,True
84069236,https://www.occstrategy.com,False
84070773,https://qtents.com,False
84076291,https://abelimray.nl,False
84076852,https://www.europoolsystem.com,False
84079371,https://www.powercubes.eu,False
84080787,https://www.collinsfoods.com/careers/,False
84086580,https://acecompany.nl,False
84094923,https://flowbeams.com,False
84107588,https://www.nlighten.eu,False
84113863,https://concr3de.com/jobs-item.php?id=6,False
84115076,https://tci-rm.com,False
84132450,https://www.super-b.com,False
84209070,https://www.windcatworkboats.com,False
84246588,https://talents.yesdelft.com,False
84276754,https://manpowergroup.nl,False
84281014,https://www.starnustech.com,False
84298685,https://careers.aegirmarine.com,False
84312610,https://advario.com,False
84314087,https://scmworx.com,False
84342773,https://autelenergy.eu/pages/contact-us,True
84355212,https://www.werkenbijhuisman.com,False
84385758,https://www.vo-a.com,False
84418966,https://www.santander.nl,False
84455853,https://www.elitechgroup.com,False
84460458,https://www.urban-gro.com,False
84480742,https://yokoy.io,False
84501901,https://www.xximo.com,False
84513020,https://www.hulo.ai,False
84532580,https://www.europages.nl,False
84541067,https://werkenbijdetelevisie.nl,False
84560509,https://angaraglobal.com/career,True
84572043,https://cravea.nl/,False
84607343,https://www.navingocareer.com,False
84660678,https://maxwellandspark.com,False
84663081,https://jobs.jansen.com,False
84717173,https://www.arcwide.com/en/careers/,True
84826282,https://sanctuarykliniek.nl,False
85006785,https://www.dxbv.com,False
85028940,https://bouwshopper.nl,False
85030643,https://www.ecraid.eu,False
85042641,https://www.smarthub.nl,False
85059838,https://www.codenomads.nl/,False
85092509,https://bracinternational.org/,True
85118036,https://www.duinparkderobbenjager.nl/nl/contact/vacatures/nl/contact/openingstijden,False
85213675,https://www.dmfinancial.com,False
85255092,http://www.boeschbodenspies.com/en/jobs/,True
85256862,https://c-path.org/about/employment/,False
85295833,https://www.groeneveld-recruitment.nl,False
85307858,https://careers.semrush.com,False
85390615,https://www.strik-law.nl,False
85451290,https://nlist.nl,False
85548413,https://beursbengels.nl,False
85613606,https://archive.wbcsd.org,False
85674451,https://fluenceenergy.com,False
85691399,https://topchiro.nl,False
85711101,https://www.fps.com,False
85740128,https://www.sytac.io,False
85740187,https://www.sytac.io,False
85740195,https://www.sytac.io,False
85752304,https://www.tremoot.com,False
85778656,https://motuspeople.com,False
85785342,https://safetyculture.com,False
85832650,https://heroyam.com,False
85844411,https://www.alucha.com/,True
85910740,https://sparcktechnologies.com,False
85918768,https://www.s-rminform.com,False
85951218,https://www.dcmr.nl,False
85965553,https://advpmc.com,False
86005154,https://www.neqsolholding.com,False
86066021,https://letsrotate.com,False
86098438,https://www.zerenenergy.com,False
86158406,https://www.facetec.nl,False
86163906,https://scatec.com,False
86167979,https://frisiamakelaars.nl,False
86197517,https://www.car-go.nl/contactformulier/,False
86238922,https://nem-energy.com,False
86350404,https://www.artemisbioservices.com/,True
86361627,https://www.hamamatsu.com,False
86423134,https://flavourtech.com,False
86551701,https://goldenlasereurope.com,False
86572911,https://caliberuniversal.com/career/,False
86615467,https://temper.works,False
86649159,https://actuallydesign.nl,False
86686623,https://3bfab.com,False
86706748,https://hyetlithium.com,False
86707590,https://www.bluephoenix-group.com/contact/,True
86809393,https://bugloos.com/,False
86863193,https://ortery.eu,False
86868098,https://www.bim-connected.com/,True
86869930,https://www.wefabricate.com,False
86871986,https://www.lumosa.eu,False
86886010,https://www.adastec.com,False
86903039,https://roosh.group,False
86936107,https://gepardo-healthcare.eu,False
86940244,https://impacdjobs.nl,False
86948504,https://www.holthausadvies.nl,False
86950606,https://milence.com/careers/,False
86954547,https://www.canon-europe.com/pro/contact-canon-professional-support/,False
87012650,https://peblar.com,False
87014807,https://maveric-systems.com,False
87036541,https://www.peregrion.com,False
87138514,https://kvw3.kansenvoorwest.nl,False
87148285,https://www.phaidoninternational.com,False
87172852,https://kraft-europe.com,False
87199750,https://www.internationalstudentswork.nl,False
87214822,https://temper.works,False
87235757,https://iodevops.nl,False
87339048,https://www.knodtec.com,False
87455099,https://www.jan-ingenhousz-institute.org,False
87513153,https://livoltek.com,False
87542633,https://thefuturemobility.network,False
87542978,https://www.align-matters.com/,True
87563436,https://aaaglobal.co.uk/contact-us/,True
87579979,https://shaoke.com,False
87603128,https://www.ink.studio,False
87702118,https://www.consciousaerospace.com/join-our-team,False
87725819,https://www.woobureau.nl,False
87728613,https://www.clear.bio/nl/vacatures/,False
87790408,https://www.anton-paar.com/nl-en/careers/open-positions/,True
87813882,http://corepro.eu/,False
87856042,https://bgn-int.com/,True
87859041,https://www.hightechcampus.org,False
87941031,https://upg-cd-we.kantar.com,False
87982242,https://coraltech.nl/,False
88035697,https://www.superlightphotonics.com,False
88047962,https://www.portwiseconsultancy.com,False
88168905,https://milence.com,False
88168913,https://milence.com,False
88184544,https://milence.com,False
88371816,https://maples.com,False
88447979,https://denieuwewinkel.com,False
88540588,https://www.skillshift.global,False
88737837,https://www.biotechcampusdelft.com,False
88765903,https://mindyoursteprecruitment.nl,False
88844889,https://www.nium.com,False
88878244,https://www.fimble.nl,False
88917274,https://www.neople.io,False
88970647,https://www.novutech.com,False
89024850,https://technosofteng.com,False
89030451,https://aikosolar.com/nl/careers/,True
89035089,https://roboat.tech,False
89058534,https://nag.aero/member/avion/,True
89463366,https://clear.bank/,False
89493621,https://www.enerjisacommodities.com,False
89498216,https://www.onbegrensdzeeuwsvlaanderen.nl,False
89513029,https://www.dutchdronegods.com,False
89630777,https://www.destinus.energy,False
89632966,https://www.destinus.energy,False
89660986,https://simpl.energy,False
89701666,https://www.peralex.com,False
89746511,https://bosing-bv.com/,True
89771613,https://xlencerenovatie.nl,False
89935314,https://yuconvr.com,False
89987004,https://www.acuitilabs.com,False
90019458,https://wedigify.nl,False
9011382,https://www.akzonobel.com/en/contacts,True
90117905,https://fiverings.com,False
90209982,https://careers.innio.com,False
90210352,https://careers.jenbacher.com,False
90256832,https://www.optics11life.com,False
90378431,https://antennex.tech/,True
90400461,https://careersatrobust-structures.com,False
90411285,https://www.eneco.nl,False
90420578,https://www.veconengineers.com,False
9045121,https://autotelex.nl/,True
9045274,https://www.ccv.eu/nl/over-ccv/werken-bij-ccv/vacatures,False
9051284,https://careers.arcadis.com/,True
90530306,https://naxcon.de,False
90550943,https://www.codenomads.nl/career/,False
90571797,https://www.cbinsights.com,False
90621999,https://esro.com,False
9062615,https://checkpointsystems.com/nl/Careers/,False
90668375,https://one-web.nl,False
90668413,https://one-web.nl,False
90687337,https://boomlandscape.nl/over-boom/vacatures/,True
90711815,https://jobs.nopalm-ingredients.com,False
90734726,https://deboss.nl,False
9073590,https://www.baminfra.nl/werken-bij,True
90742028,https://deboss.nl,False
90773993,https://ces-ltd.com/contact/job-opportunities/,False
90788362,https://www.fibercore-europe.com,False
90852419,https://shi-europe.getro.com,False
90892488,https://www.werkenbijdecathlon.nl,False
9092395,https://www.besi.com/careers/jobs/,True
9096817,https://www.danoneresearch.com/careers/,False
90979192,https://hollandexpatcenter.com,False
91018692,https://www.baeken.com/,True
9106692,https://www.dada.nl/vacature-junior-pv-202411/,False
9107788,https://www.aliternetworks.com/,True
9108991,https://www.openingstijden.nl/Result-Care/Molenhoek/Middelweg-10-B/,False
91146836,https://axslogistiek.nl,False
91188350,https://www.weg.net,False
9127900,https://www.artinis.com/jobs,True
9128939,https://www.cnsmediabv.com/,False
9132824,https://www.wiredworkers.io/nl/vacatures/,False
91420784,https://www.warchild.net,False
9148203,https://ontwerpenomgeving.nl/,False
91510686,https://launch-preview.squarespace.com,False
91510724,https://www.courdid.com/over-courdid/vacatures/,False
91548071,https://www.actamarine.com,False
9156772,https://ceradis.com/company/job-opportunities/,False
91610982,https://www.byldis.com/nl/werken-bij/,False
91611024,https://www.byldis.com/nl/vacatures/,False
91662451,https://mujin-corp.com,False
91705975,https://www.dtn.com,False
9181756,https://www.cpmview.com/nl/vacatures/,False
9182391,https://www.chiropractiewijchendruten.nl/,False
9187247,https://www.chiropractor-in.nl/molenhoek/result-care,False
92040985,https://www.zaffra.com,False
92065031,https://globallocationstrategies.com,False
9212570,https://www.ctgb.nl/over-ctgb/werken-bij-het-ctgb/vacatures,False
92152600,https://abengineeringenconsultancy.com,False
92289657,https://www.siemens-healthineers.com,False
92307906,https://adfinsolutions.eu,False
92327664,https://gulfturbo.com,False
92397492,https://vitestro.com,False
92483402,https://www.randstaddigital.nl,False
92797784,https://www.summum.engineering,False
92984304,https://www.acemobility.nl,False
93473508,https://www.nobleo-manufacturing.nl,False
93776489,https://www.tibasventures.com,False